album_uri|album_name
0h2knr6qpiAq0tV5ri5JMF|The Days / Nights
7JtT7OyWM8BnIS5FXXPMKg|Emmanuel
1QtYnYj7SFX1EIqF6ALjaX|Índigo
5Bh6CHXpl4slkIihdDKIcn|u love u (with Tate McRae)
45gjNMd3mAP0zyTQMOQdGk|Your Hero Is Not Dead
3oIFxDIo2fwuk4lwCmFZCx|No.6 Collaborations Project
6c94J2yum9wHxmbSB27YXE|You'll Understand
5PO2cqkBjAUOSHdxSDJOL4|Good Life (with G-Eazy & Kehlani)
0hgt3tZlHEGukN56ueTGcL|Hurts 2B Human
6trNtQUgC8cgbWcqoMYkOR|beerbongs & bentleys
6FfydthOJNOSCM8BeSqKh3|Dinero
2mX8ktJoWvyidWBU9U8Jis|Colores
6645HGh7ZOZSUTpqW9iYLR|AM
5awrJZBt3rP9RO5hlYdZB0|19
3KjXg0MDej2pG9fv6I22lT|Never Really Over
2QGcICCnguCa8ovMHUMs3q|Juliette
0JGOiO34nwfUdDrD612dOp|Happier Than Ever
5Tbq0fPPFF0NTu9JAp7TPX|Rake It Up
464FQ8gr0oKlQ1a0TCK4Yj|Amanece
5pK7kqzGXSY7xoLMhfHlql|In My Head
6MuWCR3WPjwyKhqsTKLZ3z|Feel Something
27G11z8Aco6n1IAbONn0ES|Devil's Night EP
2qGpT0C22qkBM2KLziCMGC|Places
26d9EFfi2YSvhQv7KKcrNw|State of Emergency
287ZdmXv5M5YH5xxdGLhbY|Sensualidad
2xZhidR4y5OPpCRYF09XB4|Only Wanna Be With You (Pokémon 25 Version)
6smIdnnGseiA4jiEcOjcic|Levitating (feat. Madonna and Missy Elliott) [The Blessed Madonna Remix]
1lXY618HWkwYKJWBRYR4MK|More Life
05c49JgPmL4Uz2ZeqRx5SP|Chromatica
3RxVKjwKfqK9iZWArQbPEY|FIND MY WAY
3U3FSuGS2CXktQD4fU78gM|BMW
0bJIHF1Or1YBLFBMwv53K2|Hotel Diablo
0pAF4Jr6MPQ2u0vqG2VOjd|Solar Power
6Nd4PYvQ7aYid1Gn6sWgeG|Better
5wJb3DBSoSMKYJA8TrNKi8|OUT OUT (feat. Charli XCX & Saweetie)
7xV2TzoaVc0ycW7fwBwAml|Fine Line
4yP0hdKOZPNshxUOjY0cZj|After Hours
4mxU9BZA47n0hZbQ220Q5B|Who's Laughing Now
3NsqDtima5steglQR9PGys|MAMACITA
1VW1MFNstaJuygaoTPkdCk|(What's The Story) Morning Glory? [Remastered]
0rn5NTlUuUcigNcNfHvAUO|DAY69
1qsQOC4Jn0fnaUZLAbs4dz|SKINS
3JtrpF2jNBfd57FljnYI1Q|Bonita
4D13M99kn4kSlPt5ZtYy8R|Dreamer
2RnntA0TeD1mVGMxxbOPms|Caroline
2d9BCZeAAhiZWPpbX9aPCW|EL ÚLTIMO TOUR DEL MUNDO
5RNRjhDRdvDPsfNWQJRhsc|Huncho Jack, Jack Huncho
5fNA1Hs2ddXrf8CWJk1Ww7|NOEASY
3lxvJqSvGR9o3Z402FnY0Z|Red Room
3MATDdrpHmQCmuOcozZjDa|TESTING
0ZJ2W7Ctmqay08A61L0mBi|CHopstix (with Travis Scott)
28adqly9V7wm5DFr7hlqtK|Los Dioses
5mlSO1oQv09bra1z3xXpwE|DODI
6g3BW90upn0rxRuFcm0zpm|The Chaos Chapter: FREEZE
46xdC4Qcvscfs3Ai2RIHcv|The Search
4cAEWgTGIU7kL1sgbivyGY|Buds
1I92y0NxYT4cUYSQePekyM|Una Vaina Loca
35s58BRTGAEWztPo9WqCIs|Spider-Man: Into the Spider-Verse (Soundtrack From & Inspired by the Motion Picture)
31GgPBMuvMF0N3px3tDbZC|Five Songs Of Christmas - Romantic
4LniALl9S6YedTFdiZWOMS|Voices
5n1GSzC1Reao29ScnpLYqp|Dying to Live
5lJqux7orBlA1QzyiBGti1|YHLQMDLG
0zhGddZ83RpCgnelKWa2qS|D-2
552zi1M53PQAX5OH4FIdTx|The Lion King: The Gift
0PGZGfVP18CkumG7ttzc8G|Drop (feat. Blac Youngsta & BlocBoy JB)
5sY6UIQ32GqwMLAfSNEaXb|Circles
7oiJYvEJHsmYtrgviAVIBD|Back from the Edge
3IOOgkjq06FdviLdk7qK2H|Look at Me!
45ba6QAtNrdv6Ke4MFOKk9|CALL ME IF YOU GET LOST
3DcHy54Up1gEXKXbsv8xeT|ALMAS GEMELAS
2fYhqwDWXjbpjaIJPEfKFw|thank u, next
76290XdXVF9rPzGdNRWdCh|Ctrl
2FTS6a6DLXMNp8flyA0HGO|Love Yourself 承 'Her'
7wHczdY0ek3FHnfVhk10om|The Lockdown Sessions
5x8HOMCMbODsMSJtMtNXF7|Not In The Mood (feat. Fivio Foreign & Kay Flock)
1jToVugwBEzcak8gJNZG2f|GINGER
4fW1sFeE43nuZlAw2xtmC3|reputation
54bPKBXzQ1YQDaUq3MSJsE|You Remember
2gZmrByp6yiyePHi3dzZ1d|Famous Cryp
6hPkbAV3ZXpGZBGUvL6jVM|Hybrid Theory (Bonus Edition)
5BRhg6NSEZOj0BR6Iz56fR|Plastic Hearts
50fjXOO6vhakOGaz3ATZlM|Not 20 Anymore
2FJj7NVoRCAwjFus0O1BXd|Day/Night
3CDghMhp5uTwVQVZ9vBVm5|Original Nuttah 25
4KdtEKjY3Gi0mKiSdy96ML|Invasion of Privacy
6HwzIlrCDq3WF9vMq8meqG|We're All Alone In This Together
68enXe5XcJdciSDAZr0Alr|Manic
2dnLi41uRXC7aNqDmcEc0P|JORDI (Deluxe)
2WrNHOba5u6P9S9xEboaUy|Perfect Ten
4ybYv7EEFN9vs1KFJqi1O9|High For Hours
6Ok0x408eB6DmOrp13Llu3|Sick Boy...Everybody Hates Me
3T4tUhGYeRNVUGevb0wThu|÷ (Deluxe)
0mZIUXje90JtHxPNzWsJNR|Voicenotes
3ssz8pi55szsiCBRpJr4xV|Midnight Mischief (Tom Misch Remix)
7GjG91tyHQNGEHzKJaqOi0|hopeless fountain kingdom (Deluxe)
0KY2QQMpqsy1tOyNhr4zxI|The Kacey Musgraves Christmas Show
5OsHMGOg6lRV9REoVxbcWA|Tana Talk 3
2QRedhP5RmKJiJ1i8VgDGR|Whole Lotta Red
4LxNdEodxvcd7q41asR17h|For You
5kE2OAuUYGBqqzscqgBXXf|KHALED KHALED
071CPaMs5FaEXfeyoE7hYl|Big Drip
2mugumSqUWxhW2InJ9dPTv|Dig Down
4TOkZvtqNpg5UHyGxCn0mS|Expectations
47FalEKu0of8GExDtZBkxT|Shelby
3Qa0qW4ged1J4HGeLXbFsC|What a Time To Be Alive
5Jd375gdtvoIJmrzc2aYJb|Little Spaces
733e1ZfktLSwj96X5rsMeE|Luv Is Rage 2
6OQ9gBfg5EXeNAEwGSs6jK|Dark Lane Demo Tapes
6mtfRehruLTx7tOCV0T7rV|Run For Cover
6NoBzYmh5gUusGPCfg0pct|x (Wembley Edition)
6vBGI5522jvPi0ZZuGQNp4|The Christmas Song (Expanded Edition)
0xocXbvMIEceVpE2Lhs5dH|Pass auf wen du liebst
4jUfPmvZGiRRJwULbfk1dc|Boyfriend
5wIcfT5CGdQRslYqmdJxDY|Rockin' Little Christmas
2YdriHhMca5xF3xXo3VxuP|Better Perspective (Deluxe Edition)
3tx8gQqWbGwqIGZHqDNrGe|Sweetener
1V9QpD8kjA2iHCElhFGvlo|Famouz
48Kac3ieDtt9OSp9Fm4g9e|ZOO
0Tirid9OpXh04sbjrNq57w|Keanu Reeves
4gKs7N7J13JBxm7GYBLFEU|Si Tu Novio Te Deja Sola
1TnP5HDR6fxVZBIGZq6DgO|Traicionera
0VXR3HSaSuA1Vunj06a4Vn|Creeping (feat. Rich the Kid)
4SuhgccvYOKxul2PraUze0|Nota de Repúdio (Ao Vivo)
0QVVaNm7WlojUMyVhoRNHz|M A N I A
6TcKoifNw4hO5Nyl3pgwAa|SICKO MODE (Skrillex Remix)
2UgbcJeoUQ0m1gbLZNDZgp|NOI, LORO, GLI ALTRI
0XV4cXBFmXIhQnQMYUX9u6|AVĪCI (01)
5YLRVHDVRw3QqWbeTGpC5B|So Good
4njG3ASiYdSUc60uDTvDDS|Jogo do Amor
4BQUTZlR3OMrBorJo1ahoY|I've Been Waiting (w/ ILoveMakonnen & Fall Out Boy)
3IKXIqSA8hBwfLHMUrO1dx|Hollywood
4hDok0OAJd57SGIT8xuWJH|Fearless (Taylor's Version)
3Dkx5E4pkCpRrcZd4mww3B|Dile la Verdad
2DjfazR5N3TgXBQ7oVALA1|QUAVO HUNCHO
3CCnGldVQ90c26aFATC1PW|4 Your Eyez Only
1B0jux6nCrSuez1iPS7tUJ|Dynamite (feat. Pretty Sister)
0agqVZjOqVtqHkq3pTFPXb|Piece Of Your Heart
48xpWR8K6CGpy3ETAym3pt|Pluto x Baby Pluto
2HaqChIDc5go3qxVunBDK0|Funk Wav Bounces Vol.1
3edjzMAVB9RYRd4UcZBchx|A Star Is Born Soundtrack (Without Dialogue)
6glTAJvVdqOgL6aOQf5pqj|DAY69
4lPqFAvgmG97pxyxQsyCQx|Still Over It
5VImZL7dJaNGpmjkZry28Y|Bläulich
35lk8UQ9Z5KXYZkJR4jyoH|Sound Waves
1FZKIm3JVDCxTchXDo5jOV|Harry Styles
51oWPUjnGhecw62V8LDXK8|she's all i wanna be
5F6QAb3h5OcviQtVJDd4tV|Stratos EP
1GYVNOzwhx1nMcIJDogSNp|Death Race For Love
27JROxwlU2KnOg1Kgp8Wak|Eleven (feat. Summer Walker)
2nkto6YNI4rUYTLqEwWJ3o|Flower Boy
2nnueqFhVFxG1WdytmnXqE|When I Grow Up
2jJfnAZE6IG3oYnUv2eCj4|Love Yourself 轉 'Tear'
52u4anZbHd6UInnmHRFzba|Please Excuse Me for Being Antisocial
4Gfnly5CzMJQqkUFfoHaP3|Meteora
0065dqIv0oHpm5UWFLI6wx|Prinzessa
2U9ONknz1iFEK9drEKLx8v|Backstreet's Back
3NNLR5rt9WpUqbRJqpV5zH|SoulFly
0kgy48FPwyVepPIaiO2w7G|Nights With You
4vkLfhpx6NCW76ZVXAjKTZ|VOCE
6pFZVwBPXj3m4dyaKcnVev|Felices los 4
2MkgW6dUMTOkCXAbQSUDG5|What That Speed Bout!?
3SpBlxme9WbeQdI9kx7KAV|Certified Lover Boy
2sjjFDjZSCYD5eBCsi0fDW|These Days (feat. Jess Glynne, Macklemore & Dan Caplen)
6pEhppkTzrKKGkQw4fNqOD|Alocao (With Bad Gyal)
5TL5mPJjOPiQCcZzEpfuaU|RTRN II JUNGLE
05b4SazhZ2bZFxV5fWi54E|Rare (Bonus Track Version)
0CndR1d5UG1pNPyORsIZPC|Amantes de una Noche
6FIMt58naoGYrOe4Wn2P3n|Bam Bam (feat. Ed Sheeran)
4Udumqsv1U3QVeND9tqVp1|The Sun Is Warm and Directly Above You
01l3jTY261V3CESZR4dABz|Man of the Woods
40GMAhriYJRO1rsY4YdrZb|Views
0NrZHZ0y5kTO8EHliuUUca|Big Baby DRAM
1HiN2YXZcc3EjmVZ4WjfBk|Everybody
2u1Wc12FWm7X2ueUHCHxJC|Red Light Green Light
3KVz2yjgOqf6uLzl68zjqE|FEAT (Fuori dagli spazi)
5nn0oYdYM0JOQjSdGDUh5Z|Christmas With Nat, Dean And Bing
6JdZip7wqJcGYtYDnzpp8T|Teeth
1Voq3mRvaG6jEv02cpM3jZ|5G
6ApYSpXF8GxZAgBTHDzYge|Pray for the Wicked
7dQ734EW0iLvQfF6vBFNiZ|FRIENDS KEEP SECRETS
2FJ7JZqCtWXd9MjuBQhCP4|Minutes to Midnight
2qehskW9lYGWfYb0xPZkrS|BE
340MjPcVdiQRnMigrPybZA|Donda
63MKT9hwmiMFFdFp5SdB1p|Under The Mistletoe (Deluxe Edition)
2i4RHN9tSRQiQ8pcaaD2Gj|No Shame
0lMQ62U6h3LFyMArBaEdrB|Candy Paint
5Zdr9vactwnJH4Vpe9Mid9|The Chaos Chapter: FREEZE
3KziODx7ieQTgYCVrS6nBv|Hollywood's Bleeding
3pHFjWCK7d5YLtEuFwfR5N|54+1
4YEhTvqsptB5D1n095QL5r|!
0JJoNDGjK0N0SolzcDQpbX|Popopop
6pwuKxMUkNg673KETsXPUV|KIDS SEE GHOSTS
66FPnVL9G4CMKy3wvaGTcr|drivers license
072fTpYGjAwWgEYXSICnuM|Casanova
4IcQ1ni07PmlOenqwf6MgG|Me Gusta
71O60S5gIJSIAhdnrDIh3N|THE ALBUM
1v9d39PxNmtRvYWw2ztydx|KIDS SEE GHOSTS
3NLjETPKVCukXj19Ol7Grj|The Truth
1nP1BEciW2qIlkg4bz97nD|Lust For Life
2lATw9ZAVp7ILQcOKPCPqp|Love Yourself 結 'Answer'
5jmVg7rwRcgd6ARPAeYNSm|evermore
7IyoGB8J31fvQDwGtHAq9m|Eternal Atake
35Q09Y0b7ZxOoCdF7sBiGf|Thunder
6AjREacSERvnQTe6GFTx3c|Shawn Mendes
6qRbGZqJ3aQY8N8bcHc1ug|A Love Letter To You 3
1NsTSXjVNE7XmZ8PmyW0wl|KIRK
4q4GytnRgPS9hDyujg8Sg0|Esskeetit
5g2INX6dnMIJG0xKygXwF3|Thats What They All Say
0Q5XBpCYFgUWiG9DUWyAmJ|Scaled And Icy
2VVvm4zJlUQm9XmBCvGN6z|Lil Pump
66EwBbt2kPgugo8Wz0SKAw|NASIR
5OOd2aAkgZJlYRqYlT1Axz|MACHETE MIXTAPE 4
0SrskI3mHcu5MzKeZNv2f6|Human (Deluxe)
02hUNciNYPRn4Fk5tY4toP|I Still Have Faith In You / Don't Shut Me Down
71QyofYesSsRMwFOTafnhB|Coloring Book
1r0DOIO0iC0bGpMtWRFdde|Scary Hours
4SSZQYMk35QX4sCQzx6eyc|Home For Christmas
0UWsJ8Z4BRe740txEt4IM6|Broke In A Minute
0x28JzvWpaqtzw2YWKubKR|Liberdade (Quando o Grave Bate Forte)
2MrG5RkVpWPxTlXt0yfGXO|Still Here
0H1ASykMKIX8PYfqxbxBar|Killer (feat. Jack Harlow & Cordae) [Remix]
04frJOjcTaZjBc80SmMhHN|Vem Me Satisfazer
5ZnasU3vhbAxJxUYNXeqOq|Culture II
56Abu6NLfNM5X7rJhrUdO4|Oprah’s Bank Account (Lil Yachty & DaBaby feat. Drake)
4nHOF3neSo6Y7OG5OAflkC|Lil Boat 2
57aywsDeQl0aevL6OyYUiR|Reminding Me
1V2sg9XB2TP29Ys4ER3fLn|Fingías
0bwlrhBRjtqdy4eTlfg2UD|Reject 2
1wrJvDOGOMQKn2v0iRiSJT|E-GIRLS ARE RUINING MY LIFE!
1WQ8fVzE8PbBD44BKhSZCh|Cara Italia
1zFp5Q3Dgo8wmKsmfZ23QX|Visionary
1Lymt1abGCr3J06bbnmWca|Kala
1qgJNWnPIeK9rx7hF8JCPK|Over It
3TJz2UBNYJtlEly0sPeNrQ|The Thrill Of It All (Special Edition)
3Jvd3wjRENrLxPgUxQ5Exz|Green Light
5r8T7S23cVDSd7a045h4N5|Primer Dia de Clases
0FgZKfoU2Br5sHOfvZKTI9|JESUS IS KING
3REUXdj5OPKhuDTrTtCBU0|1984 (Remastered)
4L4TlrXB94790rqWBprweP|DiE4u
0fvTn3WXF39kQs9i3bnNpP|Don't Wanna Know
0ffmwwS9EBmpLAgjblX75O|Beg For You (feat. Rina Sawayama)
1hTrdWpdPEeXHQWc9GmpxZ|RECKLESS
1zNr37qd3iZJ899byrTkcj|NOT ALL HEROES WEAR CAPES
5PUULHwxm3XJdr4g3fNRxP|Slaaptekort
1zkvGzVydD792tZYCFdLPD|From Church Rd. to Hollywood
5Eevxp2BCbWq25ZdiXRwYd|One More Light
76fjFCjvGJzelaxyCvhEO8|Shadows & Silhouettes
3I9p3UhZEHa6jmZyHhveco|ELMAS
2UwJ4Nt10VStLczYefhcEV|Shiesty Season
0tKX7BLXiiRgXUKYdJzjEz|A Love Letter To You 4
7L5mva8yC5ctamvs4XzgpR|Yellow Hearts
2vD3zSQr8hNlg0obNel4TE|Camila
6X1lkkRDiOivjt2Y1UtVdA|Reminding Me
57DmSe1xfynExe60QgpWU0|Mi Gente
3mumK2ar9b4JPhVOZR0V2p|Finesse (Remix) [feat. Cardi B]
3cfAM8b8KqJRoIzt3zLKqw|A Head Full of Dreams
3QLB5s0MY7ERTwh4GpNMkf|Flicker (Deluxe)
0qr1Fvi1haEDWVbFtekZLb|Cozy Tapes Vol. 2: Too Cozy
6Whp0T7d1SAt4gDUNkWWD1|summer,
0LfKQSbicPG4QTTVkS0fes|Drip Too Hard
3uEKk8SgHg0xogR2iRKjrK|Signs
6gl1gHuuV7DHyMQYaVEnpm|Ultimate Pop Christmas
5TXzXK8XclNSvQccVUiCf2|Si Me Tomo una Cerveza
39McjovZ3M6n5SFtNmWTdp|My Universe
6mJZTV8lCqnwftYZa94bXS|MAP OF THE SOUL : 7
145ZuzHW8T9OdfMcCa7yMA|TELL ME WHY
6lNu03TCXIXoalIH2r65Xm|Ella Quiere Beber (Remix)
1OfWh8e9R7tOmrX4pGlDBe|Discoteque
1NAmidJlEaVgA3MpcPFYGq|Lover
1NQuFYzzL0WbNOTjsXzXYf|Did It Again
7q6zjWaLw8bN5nYiBWjrus|THE SCOTTS
6G5nG3kLpWF7aGRCAUhCf0|Te Soñé De Nuevo
4w5LxfyoOPHkGJZrco1UT5|Most Girls
6DPW0kboAgmGklsyUzZVba|Own It (feat. Ed Sheeran & Burna Boy) [Joel Corry Remix]
1lDMJQcBCttCroFPkNHtN7|Solar Power
3euz4vS7ezKGnNSwgyvKcd|Positions
27kg8Ig4ENnxyayLAjVK8q|Teletype
7ij8wQxCAexZiXZbMOHcxE|Father of All...
1YgX8BWKleDlDeCOFklRfz|Father Of Asahd
2Ti79nwTsont5ZHfdxIzAm|?
21jF5jlMtzo94wbxmJ18aa|30
6pOiDiuDQqrmo5DbG0ZubR|MONTERO
3OZgEywV4krCZ814pTJWr7|Dangerous Woman
7FTzcNdsKhMe53orWXsai8|Instagram
4nJJuilxSgfHHaaC7dwDfp|Rockstar
64eE6FnNj7UJ9LEkN4EbvS|New Patek
4eEJooUkzenp7lZTtfbIP7|The Four Seasons
6bPpXqJRpjwy0hLyUGtzYc|FATHER OF 4
31q47gQszFt0CddSyMksgO|Willy And The Poor Boys
7tzLE9wQ6C1DGtx8s8wnf1|Mit Dir
42joEEymK7EIHODfNB4yug|Collapsed In Sunbeams
6P9PZjWXoCRF5b66BafPKY|Future & Juice WRLD Present... WRLD ON DRUGS
6GeHCNwwqMMUrpxuGTRYcf|Confessions of a Dangerous Mind
34vnc9jw88xOu8MK8NR1Tp|Want To
6y66tQfVkXh0NIScWb9yKX|Simmer
1Uf67JAtkVWfdydzFFqNF2|Happiness Begins
5XHUZmTmB9naGhgQrkqKwF|5 in the Morning
3xn49rF06ySf38NiRyfoN6|SUPERSIZE
62f3yVpi23o1YepGRLsSQI|QALF
6Aqt69riJ3JPLxIEI8EkzT|WITHOUT YOU (with Miley Cyrus)
52JymrguPgkmmwLaWIusst|Come Over When You're Sober, Pt. 2
3CKVXhODttZebJAzjUs2un|Christmas
0rI4Lse9Ffh0HoXVYmdiHa|Sky Full Of Song
5xG9gJcs9ut3qDWezHUlsX|Younger Now
58GqrBEuwUgc6bLCtjnaFt|Dream On
5CNJeXYWLF5KlcTzpRvsWn|How Long (Remix)
0rSLgV8p5FzfnqlEk4GzxE|Closer
14p5CVdJCMRcgvICDAGS7k|Destin
4otkd9As6YaxxEkIjXPiZ6|Music To Be Murdered By
4bNPOFOzxGhF5jhfIK6lit|High Off Life
3IBcauSj5M2A6lTeffJzdv|Kan
5pF05wJrbrIvqunE41vWP8|No Pressure
6x9s2ObPdpATZgrwxsk9c0|Red (Taylor's Version)
3E3coJkwv6rbqUTiw1qLZ6|El Mismo Aire (con Pablo Alborán)
4JBZ0QHveEpESepanNBG8A|Grateful
007DWn799UWvfY1wwZeENR|i am > i was
1eq2IYUBMX1mincEtLL06J|I Want A Love Like This
2eORe6u9TPXYisYshyXVeH|Translation
1BBjdKgGAqwdEvcvqBOGfT|Now Or Never
082VlX7cBth0o8xqDGclNn|That's Christmas To Me (Deluxe Edition)
5m01tty1948HnkXUhG0urw|HAIZ
2T0NPRcdhIt71ifDWm328R|God Is A Dancer (with Mabel)
4lmKt00bHLEeqJRTlNOxXS|Si Supieras
5XyJzEROSmup2TcWmVjTIt|Sugar
1N7U7alOZtbA2m3AyAPEXf|I Wonder Why
7gIr6zk4xjZZ2UA3Tq0UVr|KYGO HITS COLLECTION 2018 - JAPAN ONLY EDITION
1SUC3BzNqa5Kna2bZAsAK8|Strange Trails
3WF8SuuAN7KYLGPwKZ28vo|Wolke 10
2fmve1LNp6I353I4kTeceY|Ciumeira (ao Vivo)
5rbJtzuXtpIP0Ykk7ewIit|7
48vV65b1zjT4lCeO5MplHm|Used to This
1hK1lKNTYUM4wYRIY19CRO|GIANTS
5pAvOdUwa9xzmVxSl4k6DN|Bags and Boxes 4
1R6vbGGXSEZZmTGn7ewwRL|Legends Never Die
0jH6iWykjOuyW7Y8zNKMBk|PTSD
2Xoteh7uEpea4TohMxjtaq|evermore
2CMlkzFI2oDAy5MbyV7OV5|Kid Krow
5DlpzmONGJYLOUBcHvjfSM|Time Spent Away From U
4w2mFsi8WKeGFklMhyipnb|Medley da Gaiola (DENNIS Remix)
3MKvhQoFSrR2PrxXXBHe9B|Music To Be Murdered By - Side B (Deluxe Edition)
4xbBdnb59ariAF5s06juqS|Activated
67ErXRS9s9pVG8JmFbrdJ0|Ella Mai
1sSEjB1cw5aogoyZrZc2H4|La Haine
7vgXsKW6USC0U7ofVxKd0m|Der Bratan bleibt der gleiche
7nn2Iaphg0Vc1NCGULkhVo|True to Self
6vVhekA9LRg0MWIQaxI37f|Chixtape 5
3nR9B40hYLKLcR0Eph3Goc|Memories
1KOmHyNLuOe5YrPhD3Juuf|Perception
1ATL5GLyefJaxhQzSPVrLX|Scorpion
57lgFncHBYu5E3igZnuCJK|Tickets To My Downfall
1Co5X5Scq3o8pImvrsBp5T|Harami
4PsIFkX5QIvAI0xB7qHugW|MEGATRON
4pgNeQfSctryAw4e0uESHe|The Ocean (feat. Shy Martin)
4OxkieWD0Og9OFYBX4ggJJ|British
24X4IZGu9QcQ8pVf9dFAGg|Goodbye & Good Riddance
1Z7WbPmn7QFoJ2DrNfEehz|"Carry On (from the Original Motion Picture ""POKÉMON Detective Pikachu"")"
3zWmE5c3alhuoPLphxjMVd|Dynamite
1FBg6z6juQYGXyhGzwJQ5x|Light My Body Up (feat. Nicki Minaj & Lil Wayne)
2ODvWsOgouMbaA5xf0RkJe|Starboy
3sq0hRtlT2SYeYajr5Cx22|If I Can’t Have Love, I Want Power
15YmkgHUd5PAgvl1XI9SL5|Revival
0z7Mr85v0hPSX0VOUxP51W|I Could Be The One [Avicii vs Nicky Romero]
0KjckH1EE6HRRurMIXSc0r|Good News
5LaCH6lgcr6LaNdb3ldZrp|New Freezer (feat. Kendrick Lamar)
1QwJwcvJ9wiYfGxwk6YZOy|Momentary Bliss (feat. slowthai and Slaves)
0gd2qvKdmg1BmtF9ykwrmi|YA HERO YA MERO
7bchrFZj39dzXln8iE6tBE|More Than You Know
5kprdYds6oZb4iSldfflOT|Vibras
0m9pMIOYMHxRj6E9IRFacP|KING LORI
1I6FpscJIfwf4T56VxGVsB|We Love You Tecca
6Ifae2tRjg49lTQ9390iOD|What We Call Life
6dgQDrfjCOe7E8ruh1ruWa|TMRW
78j0kBtF3zb2bLs5tNM6iA|Rompiendo Fronteras
5YrOK7zze6egKg9a8WRcnD|Where Are You Now
3hARKC8cinq3mZLLAEaBh9|Views
66OYt73mqan1hWa78BhfPd|LALISA
73V5nh5BvwqITIDTz3PSzU|Rockin' Around The Christmas Tree
0829Pk9WEro3oPVnWT2B4B|Danger (with Migos & Marshmello) [From Bright: The Album]
0BBvGqilS1ad2YibMoE2k2|Dissimulation
4IRiXE5NROxknUSAUSjMoO|7 EP
5tuCsC7rIetZYlOrfyOQtq|Memento Mori
039RvHRSbMCfQLsYcg70BQ|Tal Vez
2o9McLtDM7mbODV7yZF2mc|Scorpion
4AdZV63ycxFLF6Hcol0QnB|Starboy
5xJAVbhs1MtESs9eDA7X2v|Devam (feat. Luciano & Ezhel)
1nAQbHeOWTfQzbOoFrvndW|Planet Her
6f5E0fgEQox4MmTJqxOnrD|Pity Party
0RBanMMBVaRdM7SOwgAmaK|Jefe
1gXyOc0Unev5AqD9X248v9|Obsessed With You
1jBESH0DEFN7z8WH8B0B5c|Fiel (Remix)
6xS6mQz1fQZ6eZE654J15I|Por Primera Vez
5VdyJkLe3yvOs0l4xXbWp0|17
7AgDcfBGf9SYACiuIHXPRK|Lemonade (Feat. Roddy Ricch & Don Toliver) [Remix]
5fEgDYFPUcvQy21TYoLEZ0|New Light
1jcYwZsN7JEve9xsq9BuUX|Number Ones
7vQ6MMttiSoWnl0hi4aRks|Café del Mar - Terrace Mix 9
2LmodhQa7ayWg8qNGxJDY2|Mura Masa
6Ad1E9vl75ZB3Ir87zwXIJ|TIM
7KF1Ain9mYYlg5M46g0i4A|Teatro d'ira - Vol. I
5itlfpzlsRcAoVNeJ1A6kq|Talk To Ya - EP
39NO201BzBWoBo9WGBp6Dt|Sexual
1EiBrlQW6W6H1mZI4N7Ne4|Christmas Portrait (Special Edition)
0uUtGVj0y9FjfKful7cABY|Voyage
69t8rpgBN1ov5kCU6LDMuR|Tie Me Down (with Elley Duhé)
1qW1C4kDOXnrly22daHbxz|Dangerous: The Double Album
27ei92dKdKhBVhEVA2ziRR|De Museo
7MKfE4IRGdrH5bMkqaZ2Tp|Be Like That (feat. Swae Lee & Khalid)
6C8ObcezFoorqPgY2J320r|El Efecto
6slkiHeFK3wW2D1mao0TX3|Detroit 2
7lqieLm717j9Z8JrG7POkS|I met you when I was 18. (the playlist)
0UnBZ8laFgLUq5Ty5vbikQ|POP/STARS
4Wv5UAieM1LDEYVq5WmqDd|KOD
1amLyWl36hRU5XtkeoyfF3|Problems EP
2mqj8lMnZRYR5hapcNVpRq|Me Llamas (feat. Maluma) [Remix]
0KYX8LOknGNZ7CkC5EuHJw|20
4rRER0lWzXFbuYFvxQBEen|Toma Toma Vapo Vapo
2zrLk90b4qjmrxRZKyIY7X|Shaky Shaky
07tZDCAqxSIVEZywk0KDfT|Fighting Demons
1c9Sx7XdXuMptGyfCB6hHs|After Laughter
531c37GGv5IvddCvBv3sWT|Shivers
0MV1yCXcNNQBfwApqAVkH0|Without Warning
1zIoYLpYOq8d4HFzHJ7vc8|The Lord of the Rings: The Two Towers (Original Motion Picture Soundtrack)
3YjfdLdpQcVI72uKhooZst|F*CK LOVE (SAVAGE)
5lVFS3eenpf4H7u26eiyng|Make It Hot
6qtBbuqBEKKCcrXck0YWHV|Bad Girls, Good Vibes
6YKk4wlKdACRITGKmGnoIm|Nectar
5zClcGCSWj926AMjvBNSLc|Songs About Jane: 10th Anniversary Edition
7dfPqXck6BB9wpThrVYBss|Leave The Door Open
64nbgEEIcY4g1ElVLONJ0w|Man On The Moon III: The Chosen
2MlT9dGKoGH2hsfcz7UUXL|Faith
55AMArOtOIOFmLgGOHJ2Ru|I Love You 3000
7fJJK56U9fHixgO0HQkhtI|Future Nostalgia
6aXFOwewufB0nGve3wlPNl|Nacht zu kurz
3zV92qqfkqOO30bMkyoiKE|Giovani per sempre
7dZYB94TjHB1Kub44SK9j9|Ambivalent
2IB4u7CExI80gM2KbkDtDp|Bad Company (feat. BlocBoy JB)
2Y1Vp3W3YsfUPBeEiap0MC|Allein
2qLI9pIjubUQMlpdmid2sE|An Evening With Silk Sonic
3PomvFR694SrCSZzDWMWV7|Pretty Boy, Dirty Boy
3J0nEHIZoQW1tA2Pabgjoz|7 EP
5st5iXtyMBDo6OLBUBqSpW|Chama Ela (feat. Pedro Sampaio)
0n6glbZG9fvHtfx6Gro7dd|SWAG
19iZTn6IM82raMquk5Z7Ul|Persona
5YCdlD3eREt72lTZxNL7id|dont smile at me (Expanded Edition)
4QKoUnOfhE67ZxyCPVSnrY|Olha a Explosão
2cWBwpqMsDJC1ZUwz813lo|The Eminem Show
2l72tiE5qyf9Gbka6yf56e|Untouchable
4YtTX4GPvBvewbJvBfXCS2|FUTURE
6IwzywE6n6cq6cit7CTdR5|Weiss
3HhZbSJdhOqMSaRbEt3gtw|Grateful
0q1sCNFTFPy66A2zeK8qh5|Todos Os Cantos, Vol. 3 (ao Vivo)
6flyNGuaD68IYuEVNGwqkh|Colourspace
6rBennOYWR1OZQnsU39PKL|Blueberry Faygo
0GzsdiiItPCABfhuFIKiZi|Get Me
2AvupjUeMnSffKEV05x222|Culture
7hzvwdgrY4xuqKehIntS3o|Revoada No Colchão
4BY9yOR9weoLcOKsxaqzDD|Fiebre (feat. Wisin & Yandel)
59BJKBIqMxOYMTzV3sAmQY|Make Me Feel
7v6FNgLDS8KmaWA1amUtqe|Tranquility Base Hotel & Casino
1JawI0XkEwmQ5Bwef3RMbq|World War Joy...Takeaway
3jCcsG6jkQTnUJyCACAg0r|Freak
58cd90Jkrovggh556JPN9L|Do It To It
2PXy9USZAoTSdtrxfkPBnl|I See You
1KzaV3sPuiCAzByFtnfRtz|Confirmation
4XPUXLAWXqM3uWMTucItjd|Dear April (Side A - Acoustic)
1bTgKomQYSkKYPD9UI9W4b|Enemy (with JID) [from the series Arcane League of Legends]
29sTacnS0qA9xri6YS8xLA|Superunknown (Deluxe Edition)
4vuV7xWL4TDaaO412nbhuK|Father Of Asahd
17FBoXK1NU2rvJBbzdzw0r|FUTURE
7AHKVMfKtUv9P06zjFHsGB|Atrevido
6Wwu7DPDkKrwDAttLNaQgr|A l'Ammoniaque
20zaiRxxUfDqdCKsdSo7HM|Numb Little Bug
3LpIwZdzFwc10psLingT8x|Future Hndrxx Presents: The WIZRD
75VgBnyHLvSKfmWO3PRT11|Talk About It
3XV0gPorxF6TtGScGJChxG|Juro Que
4c2p3TdN7NcQfCXyueCNnC|Jungle Rules
7zfsq2Hboh0SZMcWo2ASkD|Legends
6fgSKdHloRioPrZ9oJC7FH|One Right Now
5qx87PlzbAtZlv2xG9c2Kg|SOS (feat. Aloe Blacc)
0NvirtaDCaZU5PAW1O5FDE|Humanz (Deluxe)
214f4uAY0p2KgY7Fl4fBgk|LIFE'S A TRIP
4M07HWIlZr7zoXoxDHR5mz|Frozen 2 (Original Motion Picture Soundtrack/Deluxe Edition)
5W75ifcHJzBAfHezBMfhPI|CRAZY IN LOVE
37O0Syq7Db1kydzUH8TbwB|6pc Hot EP
3XGx6BABeDvmtVA4k0wfCl|A Holly Dolly Christmas
7mdpibDh6Sec6o6zItcSEH|ICY
63iWSELt9V1kV6RSMxN7Ii|Changes
2dZn2ZVkJYFIyXsVmjyp9Y|Now, Then & Forever
49Teqcxp4dOBayTBtR3j5W|1999
4gvQO5mEuhbMSrLIuwXkmz|LAS QUE NO IBAN A SALIR
0VzqGKZQDQLSse6W0hgABW|What Other People Say
7kKKiNCsiTzO3grViZpVld|Por Favor
7jA06bCXArKGLr1V187s9b|Peace Is The Mission: Extended
2KLNA0H5XiiMLPAWSb8sUu|Birthday
0lLy6xzQGiQYMfQZEzNvWd|Kafa Leyla
3WN4R900GY9WGhMcSFY4sX|DON'T SLEEP
2yXnY2NiaZk9QiJJittS81|Drip Harder
2Vmp8gBL6Lnc7XoQDrJFkD|Take Flight
4G2rJNhsKOE6iHgtUqZ0Ye|Making Mirrors
6mpiRhzd62ck4gh6E0A5NF|Diferente dos Iguais
1Q47Pgx4hcUCLJlWyEzMDt|Soltera
5oBYG6dEI2Er6EeLnmonGE|Whoopty
7zuAt0boSPInT1b0sKyQMk|A Brief Inquiry Into Online Relationships
7fd7SEK25VS3gJAUgSwL6y|Culture II
3OE8gkPLqI9zr3hlEz6ruQ|Tell Em
46RzcdoDpVi5UcRLML218R|Jingle Bell Rock
0rFz6NTJGtHkHtoxeJpIYB|Wenn du mich siehst
3MEKpJ7wSSp6Z661ThjrUJ|Destined 2 Win
4F87p1aiFwHeU4uu65MaPV|Bobby Tarantino II
7gsWAHLeT0w7es6FofOXk1|The Life Of Pablo
7Ho8gAx4haSxv1eFLQwvTj|LM5 (Deluxe)
5GMI9Wr9drHsp9yzIbIcCI|Uh Huh
3r5hf3Cj3EMh1C2saQ8jyt|Hoodie SZN
5vSLX6JljaSXuRY2Wqi6xL|Where Did You Go (feat. MNEK)
4cuugnRQi0d3f8c2Fv3vJI|Roadrunner
1TSZDcvlPtAnekTaItI3qO|A Night At The Opera (2011 Remaster)
1QRP5lutJodPixU2EWfnD7|Dangerous Woman
0kjXSwSLVipUi4lSEeF0yl|All The Little Lights
5fO4XvsuL6yeWquLaWXZOK|Lost In Japan
4G5Vks8Uru6hWVdZba0fP1|911
5sReKGrlJlo080HcUESlsQ|Machika
6K5S3fWJ6logqsusWVaJUG|Shape of You (Galantis Remix)
3ZMbdHPyw01HOFVsBAMDch|Bella
6Bd0YjrFuAZzCYabCDaIOB|Teddy's Gate
1qifX05Cb36CfsIgnhv2Lt|Downtown
3j6ouZdjTVyddYH2XkMjYb|Elegí (feat. Dímelo Flow)
0S0KGZnfBGSIssfF54WSJh|WHEN WE ALL FALL ASLEEP, WHERE DO WE GO?
2pq9ByHGHMflMY3qy20BMW|None Of Your Concern
537cWg3a0Fn9zmPllBPMGh|Intensamente Hoje!
2ZUFSbIkmFkGag000RWOpA|Nothing Was The Same (Deluxe)
3bncOq9bM24eCefxlJvrtK|LOST
2IPvwPUhlkKn7fLvtp0UUu|Goutte d'eau
1KerGJUScYGffP3Mjmjz8c|K-12
3jGpIpMIVzZ4gY9NWE6qMU|I Mortali²
4olQWXC3W8iaZfzGyzkN0Y|Tangerine
72qrnM4yUNMDDlWiqKc8iY|Aftermath
5Vdzprr5cOqXQo44eHeV7t|Whitney
4yp0nH151NPmcakfthQDc9|Rooting For You
53tLJMpw2UmkfMcznrD3V9|Désolé
0p2yf6DucEgvj8Uk8KXJJv|PAPI JUANCHO
6Zq6DgJmYHyHtZbM9DhOPJ|UP IN SMOKE
5C0YLr4OoRGFDaqdMQmkeH|VIDA
707Yo7tTEf4TYZVIVde1uM|Don't Play
3Lp4JKk2ZgNkybMRS3eZR5|Wonder
7HXqq0fokRpOKG0bQW4xnB|MAP OF THE SOUL : 7
4c8uuiJQch1vRKigQJgBWG|UFF
5dGWwsZ9iB2Xc3UKR0gif2|Justice
4qYPknuYBlnDaHsUchr7z3|Worry About Me (feat. blackbear)
7tcs1X9pzFvcLOPuhCstQJ|Golden Hour
11kIpu7f0W1xLshyUW1z7n|Nicki Nicole: Bzrp Music Sessions, Vol. 13
6JlCkqkqobGirPsaleJpFr|Dangerous: The Double Album
0e1WaSNDZnoPixaxDNdWo4|POST HUMAN: SURVIVAL HORROR
6MjOv3BeIjmht2ymtRih3s|20 All-Time Greatest Hits!
32iAEBstCjauDhyKpGjTuq|=
5xqQtdlJUY7Fg4BMp13LrX|Evil Genius
4zOhjJfe0dwqsNdDYk622E|Ride It
03KcW1ZhaSnj8pIk1LUNQs|DUMMY BOY
3LzwUe8NBJtLco5uK6bbGO|No Drama
4O6AXVdjqdJiGYlEm7fz0o|Shotta Flow
4X6b6POxbjX9inC7TWQd54|Lemonade
5WsSKDNy9pItHmnzbOlIPC|Oh My Gawd (feat. Nicki Minaj & K4MO)
0vkAczpFKCazPKaoLtnBr0|The Joker And The Queen (feat. Taylor Swift)
4mvxoogQn8p84Wz17zTHnJ|CASE STUDY 01
3hcYCR2lbgpayA1Tjz7Q0c|Hollywood's Bleeding
2CYr9450iYkEWq4IWL8plY|Lil Boat 3
3M1MYH8SYxLaJfBWIAsAdL|You Deserve Better / At My Weakest
39xhYyNNDatQtgKw2KdXMz|THE GOAT
2yN1kxrx1Z1CHO5VMdO2Yk|R.I.P. (feat. Rita Ora & Anitta)
0jk3nAmtiIfwLU4CvDDMaS|Good Intentions
32JOf1ol6o0FbUvrAkZnM1|i Shyne
2B87zXm9bOWvAJdkJBTpzF|Melodrama
09Q3WwGYsQe5ognkvVkmCu|When It's Dark Out
5lCXXIhQu0sY2M6BEROMu3|El Farsante (Remix)
1G2YEQPXaOj1JZwa3ZiGe8|Madame X (Deluxe)
5eLZYtCXkFIsOmpVc7vrI2|Les étoiles vagabondes
6YMSXPIHkA2jPIlFHuejXW|All My Demons Greeting Me As A Friend (Deluxe)
0F9bpInUaHGru63OHqBuQ8|Take Yourself Home
1V6a99EbTTIegOhWoPxYI9|Arrival
5h6d9ezpObCGHnDkJKsjk3|What It Feels Like
5y08Ec8KBmVFcvS5NcNuaZ|Eu Tenho a Senha
61MhAUFhtd7LjHVooYcUCb|Comprei um Lança
5EzDhyNZuO7kuaABHwbBKX|Nectar
36r0NLy7NH4Z14enk0EvF4|The Complete Capitol Recordings Of The Nat King Cole Trio
4qplno3lbet8WvuTGdDG3T|Nuthin' 2 Prove
0efvl0HsK2xxttk4IVOJry|Ritual
2CH8od3NBJpsvqTdY3H1HH|Jump (with Trippie Redd)
3tD94EmwfRLAX1SaZQvDhC|Be Mine
2WmJ5wp5wKBlIJE6FDAIBJ|Life of a DON
3na24PKpM5Bh0xwvIcpPms|Ordinary Drugs
4RS1iWb2MC9o21z3t8zxl4|Seventeen Going Under
4UsjjAKbtKzmgEz2pGbv6P|Right Now
2eBIVchjZqWwwe7P8OmY0Q|My Oasis (feat. Burna Boy)
5EBGCvO6upi3GNknMVe9x9|ye
59znAGeM6NNmzTkkV6MHrT|Famoso
3NmI81gPs3Z5OLaOoiPoCf|Mozambique (feat. Jaykae & Moonchild Sanelly)
2kzkwgOFAtRsDsas5Hi0Qu|A Christmas Gift For You From Phil Spector
5GTo5S8yfnn0fOd6mbhxuS|Seek Bromance
3uyOwJu4r3yroAkFywNFM3|Culture III
1IBd4WIcI94PJ63zNxsfkn|On Time
6YO2oy0EOPdM8VAj9Ecg6K|SYGL (feat. Shindy)
3Bj8Yd9ANO4KufZkqOmG0W|Mala Mía
3XpOIE22NDEl5VSguQGv2h|Tap In
4RR8ROIGix5CbCGlXHA53I|Black Swan
7ilqGyawRNe3bXNfLYtrfo|Zone 59
7dK54iZuOxXFarGhXwEXfF|Lemonade
2X0fRqWApq284H4mTi4RgU|Two High
4HoYhLOpFgJECemzKIEhvM|Rebota (Remix)
72qA6s4fjF8Y2VX1UDMfp2|GEMINI
2GlEPxglf73hK8VPTNuK3V|City Soul
3UTp6spxkyTdvsmJDPfb7n|CrasH Talk
3o98FgxhuEuR7PrLRIA203|Vicente Fernandez Para Siempre
1RG2LUE3lldMC6cI6Td5Ql|ON OFF (feat. Maître Gims)
5Nux7ozBJ5KJ02QYWwrneR|I Don't Care (with Justin Bieber)
3HNnxK7NgLXbDoxRZxNWiR|Kamikaze
2T8UlI17u5hwTqu6zkpkW7|PARTYMOBILE
31qVWUdRrlb8thMvts0yYL|The Slow Rush
61ulfFSmmxMhc2wCdmdMkN|Merry Christmas
1BR69wIifGZUSimcuTjWVg|Rap Or Go To The League
6kf46HbnYCZzP6rjvQHYzg|American Teen
7aTqiX68z42xqpEsiWBz4O|Traicionera
6Pb3K1oPXdhsqFXtzKe3Z1|19
7cm0BPEASHHElGnjyjPfwK|CIVIL WAR (Bonus)
6y9LbrjY2TpaLvtbE7FTkc|star-crossed
2r4PJPe4IbIu1SXnbcIGOd|Bebe (feat. Anuel AA)
00fcDjvEq4elj756TESO0c|Just for me
2D0Hi3Jj6RFnpWDcSa0Otu|Youngblood (Deluxe)
3jqEvfiu2ENgmgzZq27zbi|positions
6EobpC5SDFy5DF50dWNVGF|RITMO (Bad Boys For Life)
0fEO7g2c5onkaXsybEtuD2|Eternal Atake (Deluxe) - LUV vs. The World 2
1Hno6CtKbaFNAEPjRHDrc6|The World Is Yours
1eVrpJbHRLBbioB9sb5b94|LIVE LIFE FAST
5hDpkIt9yuU2MYDqzdxBDE|Wait (feat. A Boogie Wit da Hoodie)
7acEciVtnuTzmwKptkjth5|Fear Inoculum
3f6U9vS5x9EjSITxR9spuf|Let Me
2IHcdrRhnzXoH8ilmhWujM|Thanks For Waiting
43UPJEBgAwfuGufr9RsCJV|Dance To This (feat. Ariana Grande)
0R1Ygba9KBj95maQnUvZm5|Sobrio
6FED8aeieEnUWwQqAO9zT1|Huncho Jack, Jack Huncho
0dXN05tQ4StX1W0lwN95Q6|OKRA
10HuTnFqkhym6gXmIDxBsm|For Emma, Forever Ago
2MEnvKfH8Ng1ifxXeiTK3c|Love No More
7edXlHrpkf5btwVVy1nO3k|One Of A Kind Music Presents: Reggae & Calypso (Russ Millions x Buni x YV)
3YwDYaotfLveaQMFTJGy10|T’d Up
4r9fXZWP29khOI8WaHtsgA|...Ready For It?
7Dj0aaKI4RpehMPqOu56mW|Beach House 3
6HS9ICTqNbO5KSAEJIxmg7|Puta Madre
01w6VtM4EpFWvBNg4g9xZF|Tequila
26g9o6rTzxnnrD2VNefpye|Nights Like This (feat. Ty Dolla $ign)
2kZyqn4Cmr78D74K9TcO4K|THE ANXIETY
7e7t0MCrNDcJZsPwUKjmOc|Shoot For The Stars Aim For The Moon
4OTAx9un4e6NfoHuVRiOrC|Love In The Future (Expanded Edition)
5edB3I7c5aZj1bH2obUXne|Nada
6OW0sjGhqQJKxjcBzyvpcq|Tócame (feat. Arcangel & De La Ghetto)
3IfMlmwvbnO0yPVTNCnwAb|No Pelo 3, Pt. 1 (Ao Vivo)
7B70Z32Ha84aMT6TOnW410|Blinding Lights (Remix)
6V8aGhdzC1xuco5wOnXwDX|Shit Changed
1AmpFQ6FgMZKJ4NsA4rTon|Who Do You Love
7DdEbYFPKTZ8KB4z6L4UnQ|Van Halen (Remastered)
2KsgTeLQXz7yDV1joGOd2L|No Need To Argue (The Complete Sessions 1994-1995)
04m06KhJUuwe1Q487puIud|Levitating (feat. DaBaby)
3YPFaTR7WMi1Hd4NVKdCJx|Rare
0Dth0vv2bqxXkFMcF4andk|Walk On Water
70JDKgLokd2U0kzbK2WSIP|MOWGLI II
1kXtiGkGi9myC9D35lwdG5|~how i'm feeling~
6eBx4YwPpHIcdPmR9JBJT2|Hot2Touch
4uZaHeEPBWpLilXGg5sJs1|One Love (New Version)
1PZviVfBJJxNw5EtAwzdUu|2U (feat. Justin Bieber)
4c46Ij9uzhaKRUKQacvpMm|Last Memory
6s84u2TUpR3wdUv4NgKA2j|SOUR
2KA0hztJvCs7eD7nv5316T|No Judgement
0nMSpPdITwRrpzvBBjVByd|Fixation
1P8NvRvykmDrKyfglMerMv|HNDRXX
50tETesjwQTm86wCy4BXZj|Treppenhaus
034EE1ofh9OM6wJBqd2xYo|The Fame Monster
4ww2orXklptrpHj4M8xdvy|Mood Ring
5hUFZjxtqYvxm9FGUhHCdE|Bad Boy (with Young Thug)
5GlPAy2PRJW06GVFhKwGTl|Evolve
02sEJTj1sye1JaqxqpcSCp|Encore
01sfgrNbnnPUEyz6GZYlt9|Dua Lipa (Deluxe)
11X2d5C6rFBFZZUOCJLPt9|34+35 (Remix)
7xYiTrbTL57QO0bb4hXIKo|Lust For Life
5XpEKORZ4y6OrCZSKsi46A|Norman Fucking Rockwell!
23gojwaJJ5vJxFiAQtiTsQ|Madura (feat. Bad Bunny)
5vYTPuVhnFLxxcDXjORSV9|Dead Sea
2xW3yWkUKGORKWR7JjVveX|Longshanks
5ynfLHCOh3DDbyUWsvdio0|Cada Quien
3gZv6Vq2Q2a300JEUV8Dq9|Classic
4iF44RCCybJtkBkMoqrLW2|Street Gossip
3ZwCmfkGjrOTgfrc7f9cQQ|Christmas With Bing Crosby
5hKAQ3WuOJtaOW2a8hpIXY|VICE VERSA
79dL7FLiJFOO0EoehUHQBv|Currents
7h5TGKgbBnZ1cChpmC9NSS|Vuelve
1su3GU4ws6X5bUj1dt1qsl|Pills & Automobiles (feat. Yo Gotti, A Boogie Wit Da Hoodie & Kodak Black)
2uEf3r9i2bnxwJQsxQ0xQ7|Nevermind (Deluxe Edition)
2y3AR5hVWrVnM24Rh4ENYH|TMRWFRVR
622fOj3ffnlHCaJNJTxI7t|Rosenkrieg
0OkJThJls8FO1lutMzMDJ0|The Perfect Red Velvet - The 2nd Album Repackage
0AIFISfeloajgVP5fB9ulV|Single Again
4bZJWQhHKJckFLJuYdvyX2|F*CK LOVE 3: OVER YOU
754RY5WpZ2LTUZsk8kDBju|We Are Not Your Kind
4uObGgFhiUjJNrj298b500|Helios
2pABD3sfXVajKVXw83WMvT|Wolves
1wEEKxybMlEo2Hob9oQA2y|Shotta Flow 5
5Oaip8Twmcv0at7PChu6pF|Sweet Creature
0lUL92det7mZ4DaHYmiUEC|There's Really A Wolf
1Lcuv3HMgEG36SkibQIspv|Country Stuff
6lrm01OVZZVmarH2XLSAXZ|Your Song
2D4xMG9wNWT3D2JZiVqLNe|Normani x Calvin Harris
6mD9lN6mqu4313KpY1RfIp|La Flaca
3zGtADK8O9cFL3x6B2yvsB|Harverd Dropout
3c7IGLGpCdyd8NdiOq5nT3|Sick Boy...Beach House
3xhACmNvvaKmvdslE1bevB|Polvo
2CKiKnlmneU5Lr0aQLB83Q|Trip At Knight
5658aM19fA3JVwTK6eQX70|Divinely Uninspired To A Hellish Extent
5IWeqnBDLYy5YdnsKOxh2n|Heart Skips Beat
5Tr8qCHTxdjOpKB7hX40yL|Alleen
0IoleYbJxOgQLuZDkzyzPG|Platte
6AyOkPbsH3YKjpxCLTmIgh|NO CHÃO NOVINHA
6FQX7kuSlqfWWCPv24HPaH|Soldi in Nero (feat. Sfera Ebbasta)
25bVTJuPSWiiwdxgjJGRUi|Easy
64aKkqxc3Ur2LYIKeS5osS|The Time Of Our Lives
1A6VtF2OjVmEKErfTrNZYJ|Envelopes
3qQsv8mJaD5Qn10yCEuk84|Wall Of Hits
5f8pMn2A5d5lKMDapYbCmp|Black Panther The Album Music From And Inspired By
7ipPGzgSu86WmYyNyx2Kry|Sick Boy...You Owe Me
7B36GsLpC6IogfPjjkRlj3|Bang!
1Q5yQIQXBLDWTSIYXF2oJc|100 Bands (feat. Quavo, 21 Savage, YG & Meek Mill)
3HXHo0qkSUO4M9p6PEnA01|Loco Contigo (with J. Balvin & Tyga)
5XRCcUfwtLNQflDd9cfz4U|The Last Rocket
0KGBW1MQtC2aFPCDUdAkdJ|Long Way Down
3SgvmlSsTrMuqICaOTlo0p|What A Man Gotta Do
1lyjkFTJ6yxUyNYysWVBo9|YSIV
7hwhuEQT4Fp5bzwLlYZtiz|Beautiful Trauma
4dcJHxlOJwtyypL7sx1qch|The Andy Williams Christmas Album
10iHTF2aisP5CLUPH4jqVf|Glorious (feat. Skylar Grey)
5phDwq3mKZdLiFxyRpgcCV|EL BAÑO (feat. Bad Bunny)
1psfXtJLKUMVzQPMgXfB38|Beautiful
4XbPmVHP7EYBMoE7ZVjKCU|Christmas Songs by Sinatra
2WLvpNSNvBlAAo6whCpJZj|Run It Back
33pt9HBdGlAbRGBHQgsZsU|Evolve
4reo75rXpm9ZpIrw5wK1y2|Time for a Change
0Z3iwmt9d4X3G6zUuuTBva|Houdini (feat. Swarmz & Tion Wayne)
2eV6DIPDnGl1idcjww6xyX|This Is Acting (Deluxe Version)
0qJkFmVwwNXP6fvSemDZqn|Homerun
1hykVcbmenjAoG7wwoXmCV|Loving In Stereo
6UIHtz9pSMArPCOEkUkLOp|Alcohol-Free
1v6BipCE7YBMOBcAN0j0EH|Fading Love
2viWIVEItaDlFH2RXWKwS7|Goodbye & Good Riddance
1iOQNkFxtPkiZDYq9RZDyV|Come & Go
6n9DKpOxwifT5hOXtgLZSL|Legends Never Die
6VCDStheOuhrQaoYbHP2iO|On the Run
0jZFu2tihRJ65iYAo0oOtP|The Search for Everything
6ylFfzx32ICw4L1A7YWNLN|OASIS
6OrpY5LSOnkC8xbI5qOTvw|Fallin'
4x1U4pmSekLejbWCRI0SES|Maniac
3Nle45IcWgxIkXQw8EtYq1|Ponte Pa' Mi
3j0aL8TLtJ43y0Yd2gGz7O|Charles Bolt
1kokRXXxrJzhxdMo0vsVDV|Not Waving, But Drowning
5zS1u2oihFYN3jXgKh5lAC|Heartbroken
3MdiH74FL8mhlbnR6DcqJd|Arcane League of Legends (Soundtrack from the Animated Series)
0llyIxX3nDC3hobbGibVZl|Double Or Nothing (& Metro Boomin)
5xq6RMHNIBA73qld03dR6V|Melly vs. Melvin
4Sj1MJMO2jaIZyr00ipCkl|Pegasus: Neon Shark vs Pegasus Presented By Travis Barker (Deluxe)
2aTOwGU66ocsf8IQpOI0XZ|Mr. Davis
2hVTFTbeg9QhXGZAY99oRa|LANY
48zisMeiXniWLzOQghbPqS|Motion
3RMLDJQLvwKEBHYb2goJmL|No Comprendo
187UNqZ7MX3neMYkkevmdm|SUPER SLIMEY
1OyADPvYTlmT5hV0mtxLAY|Bloom
2qIbHfs93z6eDwGoAdCkXA|8 Letters
4oBtaJwfCFRuCQ5RXyTvoq|美女と野獣
5LZSpPoBVBsh6kRSEKfPQ8|Get You The Moon (feat. Snøw)
0T6QxdJZwYrXPHd829SnqK|La 167
2gXHqcKUCfQjm8QGq6xAwG|Im Schatten der Feigenbäume
7ysDeat0kDelEE7M6MUwXZ|Audioslave
7gGdhlPptWrRYPXZw3j8dS|Laugh Now, Fly Later
0mXuESYo2Gd1quvVflixyi|Love Goes
38kpkGLuPr1nNfD3iEyOlJ|Old Town Road
3hXfBV9COJBTj5rnIh7wcC|@ MEH
07PF9SyKuu6hstifHc0nEt|MODO TURBO
2o2GBOfy2GG9oKYZgfZkur|Civilisation
4SZko61aMnmgvNhfhgTuD3|Graduation
1jTRS4KS666BesH1GUHyEV|AM Remix
3xSQfp12LtQd9Nq9bWUHz6|Da Roça Pra Cidade (Ao Vivo)
02ftf7zI3U5fJ5GwyE8JC9|Hola (feat. Maluma)
4g1ZRSobMefqF6nelkgibi|Hollywood's Bleeding
6KMkuqIwKkwUhUYRPL6dUc|Concrete and Gold
5JyzoQIeXel4bM8tHEwkfW|Butterflies / This is the Place
5lUuEK82w5OlO2wo2DOWBQ|Skifahren (feat. Joshi Mizu)
3wanKGZXsWXr6ZKdQrDtGu|A Legendary Christmas: Deluxe Edition
0kHRftVXaiRHgQdtviml0G|Loyalty Over Royalty
1AkGUEtocePYti6xefsECx|How You Like That
2uJsCe6dneuk1npdBoQqH4|Ela
5PwJQShNbsoWSKZ9VPEHTY|Kids in Love
5UHiYkfptKdKDXacKUqKvl|Choker
6FLZDJq4UuwqcaQlI4XCP1|Illuminate
7HkadvWYCa91hUKnBqBFJu|Investe Em Mim
6kZ42qRrzov54LcAk4onW9|Red (Taylor's Version)
1AZjTOqvw2ZogWZxnDlhEN|Welcome To The Madhouse (Deluxe)
1RQlNnuHCpS2IsVDnm9xwh|Guiding Light
7lPoGKpCGgdKFAxpudhAH5|Speak Your Mind (Deluxe)
04rz93AqGy9JduzV3K81Dh|The Lord of the Rings: The Fellowship of the Ring (Original Motion Picture Soundtrack)
6AgcNXTAFBxcOFRfxHUtxs|Secrets
2QRrrjJcbfHSx79HbXLpdl|Christmas Songs By Sinatra
6FgtuX3PtiB5civjHYhc52|Safe Haven
76mK6wSbJ7vVxTBl8F5DS7|Bella
2mumCpGmuE9iDeOvMx6XrB|The Papercut Chronicles II
70FpaoDALiemmQYyx3X1z7|Synkinisi
4iCcsBlzVQVZoJzxBvhuyS|working
0O1PJ0t69iTO5yWrIeIga0|Baby On Baby
7cd7ofPesyBoPDb2dtUbj5|Quiéreme Mientras Se Pueda
52JvEc5EDwgA854xVckQL9|Glad U Came (feat. ZieZie)
0OrcP3iH5AnzeEmvlpunlN|In My Blood
0YFou4SbS16F4GhSADLDfz|Rolling Papers 2
1bnHPO4dKK7IjvgrtVBcQh|So Much Fun
1c79SozES9Eb3Lzf9KVaIa|In My Mind
120ozXpjN4VsLf74eVQ8TO|The Story About You
4QAC6FquY8D0RXom13iE5J|One Thing Right
23yd1cYlPgl643vE8bb0WD|MORE
3vhVJsjiAe3UAaHUTijAK5|Too Much To Ask
7eKvzMoLTENJaukj2pHrw7|JVLIVS II
6KvLHOtpefcbqclsdfkQxx|Big Bank feat. 2 Chainz, Big Sean, Nicki Minaj
6JDmapag0dUDumU4jh5XhI|Hard 2 Face Reality
2Cv2mrKMRyYuXJTlQmY4hj|QALF infinity
2yuQqhSklmfWgn8lmJNk5t|Nobody Is Listening
6CWb2cr93FdkcNNraD3E0b|Marchand de sable
5jNDWA19BJbE24x1UUJGRY|Sweet Dreams (Are Made Of This)
1fV3TdIojhb9lQXd72HiPq|hopeless fountain kingdom (Deluxe)
2FljC0wx1bLyT6GW3FDQFX|SoulMate
1ryx7dR65CbJgeJys4gFiL|Light (Remixes) - EP
50ztaMltoS9mN9fm8R3zcW|Palo Santo (Deluxe)
6ISMzVPiIZKmpsUUvzztcA|Dominick the Donkey (The Italian Christmas Donkey) [with Joe Reisman's Orchestra and Chorus]
0bxwH4IfXTXYmpiC2rIfFA|A Minor Thought
1KGKzyp51fVDw8VsM73tGu|medicine
5M1cOYkcEY6fGNUyod2pvx|weird!
2Pn8NcXjHC9SQDBsc97cWJ|Subwave
0TysZSXUKnqnQMeY40eaqg|Holy Smokes (feat. Lil Uzi Vert)
4aoWQU2gSUjl4AZeCPSo1b|~how i'm feeling~
4lvPNGpbLW4MIk3OT4OG3w|KEIN SCHLAF
2phs92sMy029JvPDFXUpCC|No Me Acuerdo
0B1vzblCZwbnUF8cv5jGkd|My Bad
23v9U72YT4KljW8FpdJErK|Something New (feat. Ty Dolla $ign)
3OevODyllQCrhudfLLnV3y|Dawn Of Chromatica
3iVFKUpkS32p2YcLMA02u6|My Dear Melancholy,
4AeowfpQNCScPBpPhnovKM|Therapy
39GpWKBd1t2qY4b9FWjS9J|Double Or Nothing (& Metro Boomin)
7jJsNB4u538DpyZckBEKsB|See You Next Wednesday
1BQTJ1ivB2eojsN89ATREa|SUGAR (Remix) [feat. Dua Lipa]
69K1zrf6TkXHdYUO8n2qVi|Heat Waves
3Hocp9QorapDRHSyZ1AOVL|My Only Wish (This Year)
621cXqrTSSJi1WqDMSLmbL|Trench
02h9kO2oLKnLtycgbElKsw|True
0W0uMmLylBR5J967T9aWYi|Midnight on Rainbow Road
14DvorESOv6MTj7NWnQcQY|ALÔ AMBEV - funk remix
2lgOc40hhHqjUGAKMWqGxO|Playinwitme (feat. Kehlani)
5sAMmOXr23KOxs2wwNp6xN|Pull Up N Wreck (With Metro Boomin)
3H1ZzSXNWaIqiCpgHajR8F|Abbot Kinney
7ihweYjA1ck66NTB4bujGl|Full Moon Fever
1hbRXvB0m34uUqNU8EbZzc|too easy
4eLPsYPBmXABThSJ821sqY|DAMN.
1eMKoeyjddBblyh8Q2ObKP|Water
3Q8bAO43wKNq74JebWBQ5s|7 Tunes In 7 Days
066XCkY2VUxaJHf5g3tHJx|EDNA
1vjAHYcwKFRbjR75BnI13N|Soltera (Remix)
5VfesyhwiNgpEEPXlO5c84|Mariah Carey's Magical Christmas Special (Apple TV+ Original Soundtrack)
2XvFk3xrG7dV6GhqcJSQHX|So Am I
1nz0PWfAcTQVbFtpU6u1UY|Follow You / Cutthroat
0BHgyJ3dblyBOmxV8pRmGg|Love Me Less (feat. Quinn XCII)
2YRwWCfsk2Uf9ycGS7FRMV|Tattoo
6MzcHgrr8goFUrmGdOrKb2|Somewhere Between The Light
2l3HIzSVnACXyTc2SduFOI|digital druglord
05jbNkYoEQdjVDHEHtg1gY|Don't Forget About Me, Demos
3vpXJ54S3MXLyzysw8qq7c|Revenge
1FulpD9JiAPbqP2F31pmUP|Issues
5Pw9JWUXrroWXylJklvlVc|Patience (feat. YUNGBLUD & Polo G)
1JZxCJ86P4GUYkHj03CgDT|Signs
0MJ0Sjfn5PCa4kpUbU31JR|Life On Earth - EP
1WLS1NrOlbDIl760hVeeUi|Starlight
3VnPV75DGyQMdljH0OHgx3|Bipolar
5Elw9ACrwV2uz7IJzsUicK|Bum Bum Tam Tam
2YDNDwQvsU0njt7Kq0xNRY|Scary Hours
0UFVuK7zzdjsiK1nb5F2wI|Bilmem Mi?
0YEH6ciBiMrVM4Rl1R10Wz|Life Is Good (feat. Drake, DaBaby & Lil Baby) [Remix]
5I48ENiZiaZZSOpec6PdS5|A Winter Romance
1rNj1DvnXIH5irucrzT4zo|Cuando Te Besé
4IVVcdv4PghrHBrroHctI1|Poison Dart
4sLtOBOzn4s3GDUv3c5oJD|A Star Is Born Soundtrack
7AaqMMiYMvnMB3RcS8u3EY|Sweet Action
2noRn2Aes5aoNVsU6iWThc|Discovery
19Bu5rIKyUh3lXw8hfk6WO|Questions
6vlatUhYlcoUkMfNIvmtLE|Origin (Deluxe Edition)
0OComZMNi7kK7ePMG7tf5h|Olabilir
0XcHdI2ZyNADjfvo5Ubs39|AMERICA
6XwFgPuBbmmfXEQhCcgPvd|Rover (feat. DTG)
3ZJSoxsPMkNC9eb6gUn0Q8|STELLA & STEVE
7MSa7LwJLInVk3khgQl8s7|Skechers
4luKvo6ahaj8ZG9fAzQ6YO|Oh My God
22fC2LDiA1zJgUS9ru5GP5|Candy Paint
4Ug3M4a8wAEebndVIF65fX|The Papercut Chronicles
1auWLVcrhwCbtCD6k4KuZB|feel like shit
6MURl2rxjcgcAjP94BiBhd|Intro-Résumé
0PiWf1iYUUTHDEPnPTFxqs|Spicy (with Diplo & Charli XCX)
0S19ks6TFDHZKEYWFvrRm0|Criminal
3pHNZvjNOHJX8G9Y0OmIzG|Merry Christmas
3UwcZ5menPSCTvdxyYgxZj|The Martin Garrix Experience
3Fcqa5sb0vVYEEDHzkiOA1|Trigger
7p1fX8aUySrBdx4WSYspOu|Midnight Memories (Deluxe)
3ZpAmjvMEsr7rsiTUbSS0W|Wanted You (feat. Lil Uzi Vert)
0OEBqwwZxa5aKEkDEDHzi6|Conan x Xenia
6iOCv7oGL5sGi2aVnRz2BI|What Kinda Music
3S4AQxtnqGJOtw1k6ZT111|"The Plan (From the Motion Picture ""TENET"")"
5SLXbErenG3tJrVdIMpQHk|Peru
0BeosbWOaMfZ5itwYQfw86|Dream Girl (Remix)
0RiimwsSMUsxrBu0RsyuRH|As the World Caves In
11AF1SzGK92hiXViMltKLT|hopeless fountain kingdom (Deluxe)
6i6folBtxKV28WX3msQ4FE|Bohemian Rhapsody (The Original Soundtrack)
6PBwTu4IgZMQNTKtrgxzZQ|Light Switch
3Jv8XjzlQel3avRbOzysXB|Botella Tras Botella
5jt7rVzPCZjbS9odrmiqZj|Marmalade (feat. Lil Yachty)
3VAUdOuQJyEJE8OhdPzhRB|TATI
6Lo6ylJg4qbFfxicPEOzMI|Suga
1bcvtuHyO79DNAOOhHEkEm|On My Way
272ARtGGQmKejfua2jWFmz|Xerecard
5i2C79LnS1EtBNFPKD6X5J|Easy Love
2nndXLmS4C16yX7UJBWW2U|Under The Mistletoe
0pF0oyuPNdOObniB1Ng0kW|7/27 (Deluxe)
0IuHVgAvbNDJnJepuSZ8Oz|The Time Of Our Lives (International Version)
41GuZcammIkupMPKH2OJ6I|ASTROWORLD
1ypNy6o0C2ZbuuPPYkavVl|Pure Water (with Migos)
42wflBbrb9OchJfd3qiGRO|23 6451
1NXM5lF9YB7a3f1e4R48oH|King's Dead (with Kendrick Lamar, Future & James Blake)
7oquoqetiWHdL6JIp7LrEw|Ela me Falou Que Quer Rave
1faqBAWocW4ZOe0OFjudGw|The Academy
02XOoh8XrlCc466QkkjGk5|Te Vi
1UFSko3MbHV1QOsUQBHQGE|Chamo Teu Vulgo Malvadão
4fSemSaJXbkH1gjX71waLy|Tarfala
6tUQPKlpR4x1gjrXTtOImI|abcdefu
1vAEF8F0HoRFGiYOEeJXHW|Night Visions (Deluxe)
1oOtMDLY2ezuvrvodAxj8o|Mayores
00op2xzUMjsxCj6aCmcnFJ|Cauty VS Young Cauty
6Ds2YHve1f4YfmqhauoBJh|Maison
2fenSS68JI1h4Fo296JfGr|folklore
7M4YAXOOg1XbWx03jg7t62|SHE IS COMING
26c7MmQ4w8EAvVLb4jilaM|Heaven & Hell
6Z6QdCXb3IBonAUSwLP4iB|By Your Side (feat. Tom Grennan)
5uDlGlnMIye9dIW7u9yU1S|Solo
6t5D6LEgHxqUVOxJItkzfb|All Your Fault: Pt. 2
4UNwL1B7JoymNUiTFJa52B|Suncity
7uhBra7AiFJm6Nd6YGpqGp|Terra Sem Cep (ao Vivo)
3HR8mnPQ7Go27WPMTNR2um|Never Be the Same
183jn9J6gquO6A6tMw48Dp|13 Organisé
7dqpveMVcWgbzqYrOdkFTD|Care Package
0VQf8Ysv00VqQm4FSvdad3|Everyday
2YQptVBjUJeIOBavD1AyXg|July
3r46DPIQeBQbjvjjV5mXGg|The Melodic Blue
4EeDFhIVRxOg4dx7ozSNXa|XXXTENTACION Presents: Members Only, Vol. 4
10fGYAWmkXkA6NOAYsO6iq|STOOPID
6moGdK0u39XA2UGFrQNml8|Five Songs Of Christmas - Pop
7H1EYBP5XYudqRhjL5vG5j|Anyone For You (Tiger Lily)
5oGJKFb3M2At4rwLBDFlTP|Selfish
5gdoRB1AUsGnScCuZ8gmPp|Heartbreak Weather
391Aef4X78Ta4Y7XpRJw6q|GPS (feat. French Montana)
5bnEXVn3SxPOrd1hxe0EGb|Had Enough (feat. Quavo & Offset)
6AR5l9eEiU5gMPv2wT1L9A|Everybody Else Is Doing It, So Why Can't We? (The Complete Sessions 1991-1993)
1sweBli5bv5QIothRFFMsf|Everybody
0ARVq1kA5eRP4F5VsZsr3m|Mi Gente (feat. Beyoncé)
6wTyGUWGCilBFZ837k5aRi|SAVAGE MODE II
5d71Imt5CIb7LpQwDMQ093|Full Moon Fever
1meEABy5Nr83dO5CZ3Qf5u|Rearview EP
5c9YBir9B4KdAOJZH4k5xw|Wild Love
3ammnTkzxZhKONeV75MJ8A|Whoopty
3sGDniFo4e5r0bwmSL2upZ|The Dark Knight Rises
3pD0TA3tAutL7Bi2Ng8SPb|Training Day 3
56mWuvukxl5ylhGoa0OBzw|Heatstroke (feat. Young Thug, Pharrell Williams & Ariana Grande)
1feZ7dUgDquoQRddxlI5BH|Vossi Bop
2Qxc2NJ7yPKVFRWi3llRr2|Suncity
6QeosPQpJckkW0Obir5RT8|Chemtrails Over The Country Club
0smKCfZ1XlApoqIg3AG3Dc|Learn To Fly (with Elton John)
2UuRNlwyxoor7VUptmSyaG|Kids in Love
3dM5WCvdXdNqLE14d16GmJ|Easy Money Baby
7bgi7zCoDsZdlLKPonHZqP|The Big Day
1l1zcI8iwJg4WCb7jxHtbN|MANTRA
2acDkDTWdNFie1HjcFa4Ny|Queen
6UYZEYjpN1DYRW0kqFy9ZE|Championships
5EAhUoAz1G3WTvIfGZvmrh|R.A.P. Music
5CnpZV3q5BcESefcB3WJmz|Donda
2vcyOtFtWOYuQ6j4AH2FIG|Valiente
4Zy7aEg2i4mlS9DWXgVqve|FANCY YOU
3YIUNL7qFE8NP3X3zaYSND|11:11
4589OIFRZp41qbsp7TWFCx|Lo Siento BB:/ (with Bad Bunny & Julieta Venegas)
51aC8iSMhWlYY6ymv7P8zi|Formula of Love: O+T=<3
1okJLjW2q0KbARmSd9EH3V|Lay Your Head On Me (feat. Marcus Mumford)
4PTaEPCFJHF8sBGCiiIzDg|Amazing Grace
4lWcXvzLSYlHcBFtMVZ5RA|Lie Lie Lie
1h3x5tLWXhf438Y5AK60Ml|Coño
6XodQl1BPzs13GY61iXQv7|The Christmas Song
4w55mtCAMsKvL9f13cPLSD|Bye Bye
0uWfo5h3Sft3dwmOUcthaI|Get Low (with Liam Payne)
4Vtx3PxyOfBUBuEYAIocsP|Un Año
2bw00gRKNKbTFOqCkohbSh|Silence
4ag07Nbz1xUcFWU17JNh1r|Baby
7JCAQ1ISjY2Le5hcXUmU0L|Run
0xS0iOtxQRoJvfcFcJA5Gv|folklore
4fLBtr12qHedCFEC8WOGoE|Lelele
0gA0nZrZ55PLUp7ARfrICu|WUNNA
1mKk0vyjvN6HYpWb7kZXAq|If You Leave Me Now (feat. Boyz II Men)
5xBO97P4jYEn69VzV06503|Don Don
4Z6UQR992qmvuH2WLBD1pT|HP
6J3iXdsFvuhSl7HjDoIwEn|Topshottas Freestyle
3IPRCP66K2WadELyp2GEQH|Rohdiamant ٢٠٢٠
3TDyDrYb9qx7DtGWXqvLfW|I Warned Myself
4i3rAwPw7Ln2YrKDusaWyT|everything i wanted
1BmxOYHjQv1dKZRr13YRZM|FRIENDS
7eDGcSFnKurHUfNHRxKmv1|Trap Phone (feat. Capo Plaza)
57h6WHDjwNGIs5NMeKYEoL|Tudo Em Paz
5wtE5aLX5r7jOosmPhJhhk|Swimming
6xQurnsfSvF3hQwU5EIqB8|Baila Baila Baila
1gMxiQQSg5zeu4htBosASY|Made In The A.M. (Deluxe Edition)
6EB14IXV5oyOiItGBv7mtG|Hurry up, We're Dreaming
5MV8sVsmRAGX9WfMHVietU|Get It Right (feat. MØ)
2Ke07jWpOWaNVYpNMmXt7C|Tiroteo (Remix)
532ccGsBf6MOSS0mD7yWSx|Lance Individual
5yyKH8wCNqJxPKSQLzhkKy|Gone Are The Days (feat. James Gillespie)
5vvvo79z68vWj9yimoygfS|Pretty Girls Like Trap Music
29KnTFADlqksb1ol2HMhwK|Rolê
7CjJb2mikwAWA1V6kewFBF|X 100PRE
1y2AzG31F4CuCKQ1rpIzaI|OK ORCHESTRA
4Mz9ZCE83IiaVC9ejMqxky|Ransom
6DEjYFkNZh67HP7R9PSZvv|reputation
7dD0CWyYodWcV0fjglqDgG|I Love You
2YNIYdATkvFpTKZexocmEi|Make Me Feel Good
0vX2Jo5xhltAA7kVdW2hwO|CALM
7fZKtzZAsfH0kzeTivu5TG|Slime & B
6l7Wd2tLAVVqX5qE1qfKPI|Commando
6rj8SDxe761DQBUdSN76tQ|Real Hasta la Muerte
4YnR0XuOXV58gmNx0P82fo|Breakdown (feat. Demi Lovato)
4ZIaWbFnkMozASM1CA59K6|So Close (feat. Georgia Ku)
4hpTOaNxI9LP5YHMojlb5t|Blanco Perla
4WlC4FXhonJhNTXCQPGP3r|Lalala
3PASWLvNfvfMF68dDznEgK|Racks 2 Skinny
52L8AnUkPWl7FGDlZjNAnJ|Down Under (feat. Colin Hay)
2TbrXjwWklhT7JrC5sdUkf|The New Toronto 3
593hMJS0UPItZBWSWPX1Qb|Palmen aus Plastik 2
5zGidcaAvNahQrYhyQwAQn|Borderline
5yv7CeuVtzTi3SbOjCMOJH|Real Friends
6dVC3KSMioVw7ywpXx10cl|Mi Cama (Remix)
68hy2xnNgeo0dO0YOm4Th7|Baila Conmigo (feat. Kelly Ruiz)
6zsWMN6UjDf7i1simwfV6W|Merry Christmas Everyone
5IBoWR5UtMIFdJRymiH6dH|Can't Take It From Me (feat. Skip Marley)
0W13Em98CWIfEvoh9wuwPu|Lean (feat. Towy, Osquel, Beltito & Sammy & Falsetto)
30Nf68hbXjDvoacY0K5fFB|The Lighthouse Keeper
5F6r4JU7TdqI8YOWzj6Fyn|Playlist
2JtKf1aFxqS0M3QIj98nG5|Deux frères
165kxlULHc34us8oU420iw|Hypnotised
5XpvRKPPxegcSmEfpftz7e|Sturmmaske Auf [Intro]
2ZaFqYD9a3U6qJhyS2LDRf|Last One Standing (feat. Polo G, Mozzy & Eminem) [From Venom: Let There Be Carnage]
0XqAZHNx0xJDObehTI2587|mono.
0SukGZiXMtmsZoxstkBtNR|Aura
5MYNEjdSSAHgYqWLJlWOYl|Butterfly Doors
4TUZUtCiZB4PYIoX20bOeX|Leave Me Alone
3fq06DDIkadDRB9RuBb22v|Afrodisíaco
5FOy9CM3AZs86TIK7fsJTV|Small Talk
5CUG3uqs6s3qreS88rq672|Hear Me Calling
4SpMtimC78w3jqSXl2eeuI|DANCE CRIP
4zZ3DDacL1IvmaozxYEGuL|House On Fire
0WvtxtkwXaFDLrmOl9mXDQ|Selfish Love (with Selena Gomez)
4QXzdLyLnVUX2g67c8iF9r|Sick Boy...Siren
5LuoozUhs2pl3glZeAJl89|Scary Hours 2
3dygrCny9zRwSODkRGXV8U|At My Worst (Joel Corry Remix)
4dwNsmLLMl2F4xM5rWfHmj|Honeysuckle & Lightning Bugs
0puSqXoH0dMgimvyi5slCt|Easier
39qsmsNRXjVaFqTZj9af0j|Friday (feat. Mufasa & Hypeman) [Dopamine Re-Edit]
0w1dwXfG5z6Xjjgj524JkD|Justice
0oAcM66E5nKMk0aUryeVT0|YAYA
4JiY4JUvXdEA7UFIbiAyor|Joanne (Deluxe)
7fZH0aUAjY3ay25obOUf2a|Purpose (Deluxe)
2OXeXtTp8KR8TO21LbBIWP|Animal
7rxL9Pb48sXuFODVaL0RHA|Famous
00xSEAMEAPTF17t2rdOFYF|The Git Up
5ekcwlR6IVNcv2OMjcuz0G|Ni Tú Ni Yo (feat. Gente de Zona)
61le3AChlSaCTq2gFgLxRE|Bailame
2x3FO0DZC61UwKBFNsnkzX|Mds
1VAc77UvK5wj8ZSWCo3V2b|The Beautiful & Damned
01GR4NL5O5CZM51k0aejKD|World War Joy
07bIdDDe3I3hhWpxU6tuBp|DAYTONA
5s0rmjP8XOPhP6HhqOhuyC|Stoney (Deluxe)
1kKYFo3YmUCRmT1tUj31wp|Saved My Life
6Ar2o9KCqcyYF9J0aQP3au|Speak Now
600ClrWRsAr7jZ0qjaBLHz|3.15.20
7BJ02LuWRn3RH7yDHZAJr2|Slow Hands
1VZoGsObyr7YAZOmP8DYEZ|Just Like You
74vajFwEwXJ61OW1DKSPEa|Positions (Deluxe)
3pLdWdkj83EYfDN6H2N8MR|Black Panther The Album Music From And Inspired By
0t70lpfTyHEv0uuq21fhdZ|Wrapped In Red
7AVfSnQb0QOtU6unvHp3Mo|the light is coming
39agL2qpWxSsgfeNuXqJ2N|Gyal You A Party Animal (Remix)
3Up1le0LPCpXc1Lisoln7f|I Wish It Could Be Christmas Forever
7jGNAMzrW5HMXdxl9XyBMG|Without Fear
6E8lxwX7KMAO9nCx4A5tAR|TV
2cRu6Q7AwQbk0Muivz92Qp|Zukunft 1 & 2
3SxCrf0o6l2jjooJ1mpkic|XXL
6fwNMnwzVoclK4zOwl3ou0|Mad Love
3Pr7XlWzWnX9enSVZXuPKh|CRAZY IN LOVE
4KZGe18wZJbXL6JLW4KyLc|A Day At The Races (Deluxe Edition 2011 Remaster)
7dCtaknaSaGVs2ESJruZeJ|Space Legend
0RiesdDeJQc9PbAs7iwodq|Sky Walker (feat. Travis Scott)
14VqpowhLjWxt1aUWLbr9H|GEH DEIN WEG (feat. Loredana)
0XAIjjN5qxViVS0Y5fYkar|I Decided.
3lafienEVOSKlWKwZY1vwu|Pa' La Cultura
1sYp4cvm9m8xmyDPYxyKyx|AYA
7z5fmW3FDD6jlpJtwMXV51|Midnight Sky
3yKybyKCNzWBaf882YeO4w|Puste sie weg
7lVXNBav3Z8oA4jGk62Gme|MAMMAMIA
1qyjZGIeeLJlXbYWuoloWj|Nervous System
2LomtUxwdbgjZ6Hk9u2Laa|rockstar (feat. 21 Savage)
6JYMpRz7M9T2JlkjKHmsdc|Thiago Silva
2Y9Kal9IDz6JphsCfY6GzG|Enemy (from the series Arcane League of Legends)
6CvBb1XqN0igtQrWrbXD80|The Voice of the Heroes
52k3HpsUxT9KB0ptAkSvrj|Tied Up...Orkant/Balance Pon It...
6fUnZqjU3bwBOZIsQ4kN1Q|Common Sense
09b9NC1oQbYaHcacgXn66k|We All Shine
0nelyamSDy2XwukAEGcwJT|Lucid Dreams
70DNEZBWsHHPYBFNQn3Ena|Madonna
3YD1qyD9KPFzzTK1UC1Gvo|Used To Love (with Dean Lewis)
3hgpPBjZ7yR1yHyrVEngZL|TELÉFONO
01haNCctw4EUPl8xUHVhdl|Wonder (Holiday Deluxe)
5Jk2ROWL8a4RxmFNiT8pvA|Ella No Es Tuya (Remix)
1BLoY0XQ3Yywsbk2Xkl6aT|Adriana
3Qj2vsFzmaB8jcH6Q60WIG|The Prelude
