user|track_uri|track_name|artist_uri|artist_name|album_uri|album_name
1|2348FcMLdHj75PZ4hOsqI4|Evening Red|0ZlH3VG6iAeC1KVzNz6rqW|Hugh Hardie|76fjFCjvGJzelaxyCvhEO8|Shadows & Silhouettes
1|7d1B203ZmpqWL0pZhnbD5B|Raindrops|0ZlH3VG6iAeC1KVzNz6rqW|Hugh Hardie|76fjFCjvGJzelaxyCvhEO8|Shadows & Silhouettes
1|7CiZj5S4E5FVboR0yLVLzc|Original Nuttah 25 (feat. IRAH) - Chase & Status Remix|0YE17nrGKTk37bcKpKVUvi|Uk Apache|3CDghMhp5uTwVQVZ9vBVm5|Original Nuttah 25
1|3ARH5hY1AP4ympexo2y3Lz|Devil's Night|6gnohqGISFUVpTSqT3TtiO|Dawn Wall|27G11z8Aco6n1IAbONn0ES|Devil's Night EP
1|5qG8gAytdGSbaa067yVhvv|Never Say|6gnohqGISFUVpTSqT3TtiO|Dawn Wall|1amLyWl36hRU5XtkeoyfF3|Problems EP
1|0fzPAlrZUoYK6lpOSOzE6Q|Where Did You Go|7LzWa2AUty3RU0znyhG70N|Mohican Sun|5vYTPuVhnFLxxcDXjORSV9|Dead Sea
1|3LRyhfrFZXqiEdoZDIZvla|A Deeper Blue|0ZlH3VG6iAeC1KVzNz6rqW|Hugh Hardie|76fjFCjvGJzelaxyCvhEO8|Shadows & Silhouettes
1|02G42teKnMwPwDFEKUfdct|Loop No 1|5GyUtaUuEnR7uhRF3jDj4s|Moomin|0bxwH4IfXTXYmpiC2rIfFA|A Minor Thought
1|1XPh2hWC27Sia7IZFTZkPo|Behind The Reels|0ZlH3VG6iAeC1KVzNz6rqW|Hugh Hardie|76fjFCjvGJzelaxyCvhEO8|Shadows & Silhouettes
1|7rKNoKsC4wi2Bwbc6lhVzD|If I Smiled|6gnohqGISFUVpTSqT3TtiO|Dawn Wall|54bPKBXzQ1YQDaUq3MSJsE|You Remember
1|0M9jP4EU62RY40mQCxK8AT|Mozambique (feat. Jaykae & Moonchild Sanelly) - Single Version|7zJL978NtANOysfGY21ty6|Ghetts|3NmI81gPs3Z5OLaOoiPoCf|Mozambique (feat. Jaykae & Moonchild Sanelly)
1|0u5hYCAGKzgHb8YUDG4AGJ|Hydrate|0QOQc6jEsPX5Y45TV0hXQy|Chaos In The CBD|7vQ6MMttiSoWnl0hi4aRks|Caf√© del Mar - Terrace Mix 9
1|6lELbWT5sVFWJJwA7Bfgya|Dreamweaver|5pL8Q5xbDLEDE6JvYMXX9u|Nu:Logic|6MzcHgrr8goFUrmGdOrKb2|Somewhere Between The Light
1|0PVl3xoTnriDSUbamlu9rT|Better Perspective|1LhB1j0Zq3tjBeG3k8gq7V|Technimatic|2YdriHhMca5xF3xXo3VxuP|Better Perspective (Deluxe Edition)
1|5IfzKJy3VKlCmHjdGN87dj|Teddy's Gate (feat. LaMeduza)|4YTBo7qadslqj8V8FMRuqK|Whiney|6Bd0YjrFuAZzCYabCDaIOB|Teddy's Gate
1|1hEEZdKxqfH9xfJ8YukYpO|Eunoia|5zQVK5kEmMGuMqreKxjyNb|Athena|2Vmp8gBL6Lnc7XoQDrJFkD|Take Flight
1|0m3BlycE25MlxHlOdesOi4|Shut Up|3jNkaOXasoc7RsxdchvEVq|Chase & Status|5TL5mPJjOPiQCcZzEpfuaU|RTRN II JUNGLE
1|5Q0RbvROKEp7uCJZwTOE7h|Senses|19UDaks6aMVPdEp8qhO4T9|Subwave|2Pn8NcXjHC9SQDBsc97cWJ|Subwave
1|5u0PzppKpWT7LGnDd0KskP|Day 1: Back & Forth|0ZlH3VG6iAeC1KVzNz6rqW|Hugh Hardie|3Q8bAO43wKNq74JebWBQ5s|7 Tunes In 7 Days
1|0Tn9FwyYf8Y3BbKjzD01Yp|Sun Goes Down|5pL8Q5xbDLEDE6JvYMXX9u|Nu:Logic|6MzcHgrr8goFUrmGdOrKb2|Somewhere Between The Light
1|5FA3tfPhY3BSKr4vr9OVON|Untitled Needs|1PTEiCpkzNkLNgMi1LL8JR|Laurence Guy|4Udumqsv1U3QVeND9tqVp1|The Sun Is Warm and Directly Above You
1|2QkUKRYvZyNkfRFhpSXA2y|Cool N Crisp|3jNkaOXasoc7RsxdchvEVq|Chase & Status|5TL5mPJjOPiQCcZzEpfuaU|RTRN II JUNGLE
1|53jeGIP3iM5S1wYILdgVmq|Midnight on Rainbow Road|2o7L9DNcmzocYll1o0GGTU|Leon Vynehall|0W0uMmLylBR5J967T9aWYi|Midnight on Rainbow Road
1|5QJjFhViz26RwIO3EjsrGu|Day 5: Ticker|0ZlH3VG6iAeC1KVzNz6rqW|Hugh Hardie|3Q8bAO43wKNq74JebWBQ5s|7 Tunes In 7 Days
1|2I3oHsoh7DL721UHeSWN6v|Vrieselaan|3p0aq3vKGFP6N7rDc0UhJC|Kessler|7dZYB94TjHB1Kub44SK9j9|Ambivalent
1|0obrmAmV2GVxzIqcSVsvlD|Poison Dart|49du30vgnQZT13tyjnrspT|BAKEY|4IVVcdv4PghrHBrroHctI1|Poison Dart
1|474FoNvLOHk9ZTAs1Vd3Qu|Nobody (feat. Stargate)|5TgQ66WuWkoQ2xYxaSTnVP|Netsky|3H1ZzSXNWaIqiCpgHajR8F|Abbot Kinney
1|07sTBtLTPxpn8WgDOQrO9L|Longshanks|6gnohqGISFUVpTSqT3TtiO|Dawn Wall|2xW3yWkUKGORKWR7JjVveX|Longshanks
1|1IMPC74Kr5PCOmhwdjC22j|I Saw Her Kiss Him in Front of Me and I Was Like Wtf?|37YzpfBeFju8QRZ3g0Ha1Q|DJ Seinfeld|5DlpzmONGJYLOUBcHvjfSM|Time Spent Away From U
1|2aNOkWge7L1IubHjS9dkgL|Time for a Change|49R1WTcCcbyOpl3g8YDJU6|Benita|4reo75rXpm9ZpIrw5wK1y2|Time for a Change
1|5vWy90WX1eyfFUxnKcKSY9|Butterflies|2o7L9DNcmzocYll1o0GGTU|Leon Vynehall|5JyzoQIeXel4bM8tHEwkfW|Butterflies / This is the Place
1|3DKCTIiJ97bS9TGiqcABjo|Thiago Silva|6Ip8FS7vWT1uKkJSweANQK|Dave|6JYMpRz7M9T2JlkjKHmsdc|Thiago Silva
1|54TgI46OnNqcf0SyzQyCL6|Atlas|73A3bLnfnz5BoQjb4gNCga|Bicep|0EdtTRCl3J22AnWrNpH1w9|Isles
1|5kAwEqCAJ4yHdHmlAMSczs|These Are Just Places To Me Now|6pJY5At9SiMpAOBrw9YosS|Folamour|3na24PKpM5Bh0xwvIcpPms|Ordinary Drugs
1|4v0xLhFpCwzMbkr3Pi4rFF|Haze|02ZCVD3nqfqNId8lvpvCBb|BOP|58GqrBEuwUgc6bLCtjnaFt|Dream On
1|3JDsYB8UxGbMQNnNlAeDL0|Envelopes (Chapter VI) - Edit|2o7L9DNcmzocYll1o0GGTU|Leon Vynehall|1A6VtF2OjVmEKErfTrNZYJ|Envelopes
1|75G7fv2RaXXHhJquge8el4|Red Velvet|5pL8Q5xbDLEDE6JvYMXX9u|Nu:Logic|6MzcHgrr8goFUrmGdOrKb2|Somewhere Between The Light
1|0s2HlRZzjWlhmfLdp4rDEy|Gettin' It Done|1Ma3pJzPIrAyYPNRkp3SUF|Ross from Friends|6c94J2yum9wHxmbSB27YXE|You'll Understand
1|4sWJCVOn705QUBCDt81bPB|O'Neal|2tEyBfwGBfQgLXeAJW0MgC|Baltra|1meEABy5Nr83dO5CZ3Qf5u|Rearview EP
1|0Ti5dBBZUpK0XRb0iabhtI|Emerald City|0ZlH3VG6iAeC1KVzNz6rqW|Hugh Hardie|6flyNGuaD68IYuEVNGwqkh|Colourspace
1|3NVuffIbZCOXgRsM4eS0fo|Infinitas|3CkM2290WOa2ESzhlu5mzM|Shanti Celeste|4olQWXC3W8iaZfzGyzkN0Y|Tangerine
1|0fgdLj6TQmB6OV2zwaAndB|Sesame|3CkM2290WOa2ESzhlu5mzM|Shanti Celeste|4olQWXC3W8iaZfzGyzkN0Y|Tangerine
1|3LcknqF77tB6aujEAEVjX2|Doobies - Original Mix|5GyUtaUuEnR7uhRF3jDj4s|Moomin|120ozXpjN4VsLf74eVQ8TO|The Story About You
1|3iEycGSA32xeOQnDltNTZk|Providence|7LzWa2AUty3RU0znyhG70N|Mohican Sun|0nMSpPdITwRrpzvBBjVByd|Fixation
1|4cpUsHfE4q4Amwkc2OO6xI|About Time|3KOHpygRuo1ruQAbEneR3t|George FitzGerald|1v6BipCE7YBMOBcAN0j0EH|Fading Love
1|7s2ya9MwplKU6zogZYkxVH|Weed & Rum|3jNkaOXasoc7RsxdchvEVq|Chase & Status|5TL5mPJjOPiQCcZzEpfuaU|RTRN II JUNGLE
1|3ci50Uo5nIeoS7vRFDolwJ|Shudder|0ZlH3VG6iAeC1KVzNz6rqW|Hugh Hardie|2GlEPxglf73hK8VPTNuK3V|City Soul
1|5UanRSNw6tqDNqczV7SDqT|One Day At A Time|7pDBRy9uWy1zq5b0uXIABQ|Nu:Tone|5Jd375gdtvoIJmrzc2aYJb|Little Spaces
1|2T0bSlNbNY8mFy1UbK1tTV|Lucid|33CVzI4YFK6YBZsuxjKhHR|Phaction|5F6QAb3h5OcviQtVJDd4tV|Stratos EP
1|1eCyb7V10a2lqcA49JaHnU|Blinded|6gnohqGISFUVpTSqT3TtiO|Dawn Wall|27G11z8Aco6n1IAbONn0ES|Devil's Night EP
2|0DeCgH8St1bnHVry9gecMp|BMW|5SRr4ZJMoygWecytkIwlaV|Bad Boy Chiller Crew|3U3FSuGS2CXktQD4fU78gM|BMW
2|0IuVhCflrQPMGRrOyoY5RW|she's all i wanna be|45dkTj5sMRSjrmBSBeiHym|Tate McRae|51oWPUjnGhecw62V8LDXK8|she's all i wanna be
2|0P88fVbvRQGgRQN1GulQNy|Glad U Came (feat. ZieZie)|0PfJ0SW9UpzczeHL5hgdwL|Liilz|52JvEc5EDwgA854xVckQL9|Glad U Came (feat. ZieZie)
2|0QBzMgT7NIeoCYy3sJCof1|Bam Bam (feat. Ed Sheeran)|4nDoRrQiYLoBzwC5BhVJzF|Camila Cabello|6FIMt58naoGYrOe4Wn2P3n|Bam Bam (feat. Ed Sheeran)
2|1BSMpVGWs3v5BZKnAQziAc|Light Switch|6VuMaDnrHyPL1p4EHjYLi7|Charlie Puth|6PBwTu4IgZMQNTKtrgxzZQ|Light Switch
2|1Dp7ASSZVVOPJ85VdLpjOX|Seventeen Going Under|6zlR5ttMfMNmwf2lecU9Cc|Sam Fender|4RS1iWb2MC9o21z3t8zxl4|Seventeen Going Under
2|1HvTxgCj0mTzQlEo0zLvFb|In My Head|6jGMq4yGs7aQzuGsMgVgZR|Lil Tjay|5pK7kqzGXSY7xoLMhfHlql|In My Head
2|1jTrQnMziyawXMHjd6y4R1|Come & Go|7m0BsF0t3K9WQFgKoPejfk|ArrDee|1iOQNkFxtPkiZDYq9RZDyV|Come & Go
2|20on25jryn53hWghthWWW3|Do It To It|4pnp4w9g30yLfVIAFnZMRd|ACRAZE|58cd90Jkrovggh556JPN9L|Do It To It
2|2Gg9UhRTym4rztR9vU0Pvu|Gangsteritus|7bZpYWk0ZZN7CkOeXbAY0Z|Potter Payper|2IHcdrRhnzXoH8ilmhWujM|Thanks For Waiting
2|2iHsdUnmKGIuc9oRE3DfgJ|House On Fire|3GxKJzJK4LpsYGXQrw77wz|Mimi Webb|4zZ3DDacL1IvmaozxYEGuL|House On Fire
2|3FMedgGsLUNwx8NciePFEK|Reggae & Calypso (Russ Millions x Buni x YV)|3FoFW2AoUGRHBacC6i4x4p|Russ Millions|7edXlHrpkf5btwVVy1nO3k|One Of A Kind Music Presents: Reggae & Calypso (Russ Millions x Buni x YV)
2|3o9kpgkIcffx0iSwxhuNI2|Numb Little Bug|7o2ZQYM7nTsaVdkXY38UAA|Em Beihold|20zaiRxxUfDqdCKsdSo7HM|Numb Little Bug
2|3pudQCMnsFGwOElTZmuml8|Baby|2PJEagPIxaBugeMjIyKVXF|Aitch|4ag07Nbz1xUcFWU17JNh1r|Baby
2|3rmo8F54jFF8OgYsqTxm5d|Bad Habits|6eUKZXaKkcviH0Ku9w2n3V|Ed Sheeran|32iAEBstCjauDhyKpGjTuq|=
2|3sa06xVNmLLYIxdNNmVQN8|Where Did You Go? (feat. MNEK)|4Q6nIcaBED8qUel8bBx6Cr|Jax Jones|5vSLX6JljaSXuRY2Wqi6xL|Where Did You Go (feat. MNEK)
2|3uUuGVFu1V7jTQL60S1r8z|Where Are You Now|7f5Zgnp2spUuuzKplmRkt7|Lost Frequencies|5YrOK7zze6egKg9a8WRcnD|Where Are You Now
2|4CUX44NA1CPEzd0ibMLQsL|Make Me Feel Good|1H1sDUWSlytzifZTDpKgUA|Belters Only|2YNIYdATkvFpTKZexocmEi|Make Me Feel Good
2|4hJhHbkhZFnxmWbAkZRoe0|Peru|75VKfyoBlkmrJFDqo1o2VY|Fireboy DML|5SLXbErenG3tJrVdIMpQHk|Peru
2|50ZFpw2wS6ERvLmW8TINhq|Beg For You (feat. Rina Sawayama)|25uiPmTg16RbhZWAqwLBy5|Charli XCX|0ffmwwS9EBmpLAgjblX75O|Beg For You (feat. Rina Sawayama)
2|531KGXtBroSrOX9LVmiIgc|Starlight|6Ip8FS7vWT1uKkJSweANQK|Dave|1WLS1NrOlbDIl760hVeeUi|Starlight
2|53O5nAlq04RKmSBqW0SFvG|Down Under (feat. Colin Hay)|20cmhoGvN0eyzhmsHJH1Mg|Luude|52L8AnUkPWl7FGDlZjNAnJ|Down Under (feat. Colin Hay)
2|59CfNbkERJ3NoTXDvoURjj|Boyfriend|2W8yFh0Ga6Yf3jiayVxwkE|Dove Cameron|4jUfPmvZGiRRJwULbfk1dc|Boyfriend
2|5iFQfP3AqVnHHS89LKQisL|Anyone For You (Tiger Lily)|2ysnwxxNtSgbb9t1m2Ur4j|George Ezra|7H1EYBP5XYudqRhjL5vG5j|Anyone For You (Tiger Lily)
2|6CDzDgIUqeDY5g8ujExx2f|Heat Waves|4yvcSjfu4PC0CYQyLy4wSq|Glass Animals|69K1zrf6TkXHdYUO8n2qVi|Heat Waves
2|6IlL9Xlnm0Oq6wXSe6TH9v|Used To This|6m8itYST9ADjBIYevXSb1r|Wilkinson|48vV65b1zjT4lCeO5MplHm|Used to This
2|6N1K5OVVCopBjGViHs2IvP|The Joker And The Queen (feat. Taylor Swift)|6eUKZXaKkcviH0Ku9w2n3V|Ed Sheeran|0vkAczpFKCazPKaoLtnBr0|The Joker And The Queen (feat. Taylor Swift)
2|6oYXbji1rn7U6bFuNYekpQ|Run|4EPJlUEBy49EX1wuFOvtjK|Becky Hill|7JCAQ1ISjY2Le5hcXUmU0L|Run
2|75MNhvTCCKsST3YqqUiU9r|Shivers|6eUKZXaKkcviH0Ku9w2n3V|Ed Sheeran|531c37GGv5IvddCvBv3sWT|Shivers
2|7z5G2LOdV8okZn4yWg3q5g|Night Away (Dance) (feat. Tion Wayne)|1WO1hFAkFbeo9tV3uVX7Dy|A1 x J1|6WQPgcOtZCoXGBZQOxDJQ0|Night Away (Dance) (feat. Tion Wayne)
3|3ie4EBzk6a4sdNOpWKhkeA|Clouds|24icoQNJSEWNu3XvqKBR68|Jordan Rakei|6Ifae2tRjg49lTQ9390iOD|What We Call Life
3|2t9bMYh6ZJGfAZPKJGnby0|Romeo (feat. Bas)|59oA5WbbQvomJz2BuRG071|Jungle|1hykVcbmenjAoG7wwoXmCV|Loving In Stereo
3|5Fpn28eEVPqWLiwQmGmWpz|I Want A Love Like This|1HOeqtP7tHkKNJNLzQ2tnr|Everything Everything|1eq2IYUBMX1mincEtLL06J|I Want A Love Like This
3|5rcGQIrv6eUIyCBfWga363|Borderline|24icoQNJSEWNu3XvqKBR68|Jordan Rakei|6vlatUhYlcoUkMfNIvmtLE|Origin (Deluxe Edition)
3|633Oe7gtfWB8lq1Vxyiahm|Once|3oKRxpszQKUjjaHz388fVA|Parcels|2FJj7NVoRCAwjFus0O1BXd|Day/Night
3|0ON4FYmS4Zch1NV0lhv9hX|"Vivaldi: The Four Seasons, Violin Concerto in F Minor, Op. 8 No. 4, RV 297 ""Winter"": I. Allegro non molto"|2QOIawHpSlOwXDvSqQ9YJR|Antonio Vivaldi|4eEJooUkzenp7lZTtfbIP7|The Four Seasons
3|5Io3OKuzK712xD001Hthzk|The Line|09s6bLEw45wioK9ytf3nsA|Westerman|45gjNMd3mAP0zyTQMOQdGk|Your Hero Is Not Dead
3|2gXYLIrLrHVViRCnbh8kCQ|NowIcaresomemore|3oKRxpszQKUjjaHz388fVA|Parcels|2FJj7NVoRCAwjFus0O1BXd|Day/Night
3|3HghfkXDzz7gYCo4Xir8vI|Teletype|1HOeqtP7tHkKNJNLzQ2tnr|Everything Everything|27kg8Ig4ENnxyayLAjVK8q|Teletype
3|1r9xUipOqoNwggBpENDsvJ|Enemy (with JID) - from the series Arcane League of Legends|53XhwfbYqKCa1cC15pYq2q|Imagine Dragons|1bTgKomQYSkKYPD9UI9W4b|Enemy (with JID) [from the series Arcane League of Legends]
3|1Uxti0PEEdieT526B8dAxZ|Somethinggreater|3oKRxpszQKUjjaHz388fVA|Parcels|2FJj7NVoRCAwjFus0O1BXd|Day/Night
3|6OnEsU4yuFEIuuK1pzZ0z5|Family|24icoQNJSEWNu3XvqKBR68|Jordan Rakei|6Ifae2tRjg49lTQ9390iOD|What We Call Life
3|6xTp4nC8NBRSYMxGqIikSh|Caroline|4kIwETcbpuFgRukE8o7Opx|Arlo Parks|42joEEymK7EIHODfNB4yug|Collapsed In Sunbeams
3|4Oih3RDrSFg3afaOphBVuy|What Could Have Been feat. Ray Chen (from the series Arcane League of Legends)|0Ty63ceoRnnJKVEYP0VQpk|Sting|3MdiH74FL8mhlbnR6DcqJd|Arcane League of Legends (Soundtrack from the Animated Series)
3|64I9byMYBlS1ARsC3vtpgW|Ottolenghi|4oDjh8wNW5vDHyFRrDYC4k|Loyle Carner|1kokRXXxrJzhxdMo0vsVDV|Not Waving, But Drowning
3|6W1CYXq9pGEnNNCCW62xu8|Comingback|3oKRxpszQKUjjaHz388fVA|Parcels|2FJj7NVoRCAwjFus0O1BXd|Day/Night
3|37pShAS4iuRXJeRAa9k6xw|Black Dog|4kIwETcbpuFgRukE8o7Opx|Arlo Parks|42joEEymK7EIHODfNB4yug|Collapsed In Sunbeams
3|6TUBc3txhVoWVEqF1n44gS|Drawbridge|09s6bLEw45wioK9ytf3nsA|Westerman|45gjNMd3mAP0zyTQMOQdGk|Your Hero Is Not Dead
3|4GaVb4spqse4hOwiHpWXVC|Caruso|25MkkfEousyfp2eyh38FUl|Lucio Dalla|3gZv6Vq2Q2a300JEUV8Dq9|Classic
3|0EvZksFiDpboeG4UVaIvJa|Theworstthing|3oKRxpszQKUjjaHz388fVA|Parcels|2FJj7NVoRCAwjFus0O1BXd|Day/Night
3|1HHIv96gVeVkoOBzQeH9d8|Too Good|4kIwETcbpuFgRukE8o7Opx|Arlo Parks|42joEEymK7EIHODfNB4yug|Collapsed In Sunbeams
3|2xJAj1Q2IQBzGN39fNPdK8|Bluish|4kIwETcbpuFgRukE8o7Opx|Arlo Parks|42joEEymK7EIHODfNB4yug|Collapsed In Sunbeams
3|5V3tf148hVOh00STK506Di|Big Nothing Glow|09s6bLEw45wioK9ytf3nsA|Westerman|45gjNMd3mAP0zyTQMOQdGk|Your Hero Is Not Dead
3|14tNhGhMYj6W5pPfdQoBmN|LIGHT|3oKRxpszQKUjjaHz388fVA|Parcels|2FJj7NVoRCAwjFus0O1BXd|Day/Night
3|3Lw7kxX6di4Gpbvuq4FK4S|Teletype|1HOeqtP7tHkKNJNLzQ2tnr|Everything Everything|1eq2IYUBMX1mincEtLL06J|I Want A Love Like This
3|4lMlDOQZpMM6aFjucarRNA|Bad Friday|1HOeqtP7tHkKNJNLzQ2tnr|Everything Everything|1eq2IYUBMX1mincEtLL06J|I Want A Love Like This
3|5FUyn3zZNR2DxcJGsfJ9A8|Bad Friday|1HOeqtP7tHkKNJNLzQ2tnr|Everything Everything|27kg8Ig4ENnxyayLAjVK8q|Teletype
3|0JSG8Hu6aMidPm1QRqboQD|Inthecity (Interlude)|3oKRxpszQKUjjaHz388fVA|Parcels|2FJj7NVoRCAwjFus0O1BXd|Day/Night
3|0wJmkLWgEP4y30WIPZqWuV|Waiting On Design|09s6bLEw45wioK9ytf3nsA|Westerman|45gjNMd3mAP0zyTQMOQdGk|Your Hero Is Not Dead
3|1WqYuxgkAV11lZDTM8DQj0|Easy Money|09s6bLEw45wioK9ytf3nsA|Westerman|45gjNMd3mAP0zyTQMOQdGk|Your Hero Is Not Dead
3|6kAOOamDflxqkrAWI6wZRR|Free|3oKRxpszQKUjjaHz388fVA|Parcels|2FJj7NVoRCAwjFus0O1BXd|Day/Night
3|6pIem0QfCkJMl4ug4byHhk|Confirmation|09s6bLEw45wioK9ytf3nsA|Westerman|1KzaV3sPuiCAzByFtnfRtz|Confirmation
3|6ZVVax9sMTB6HPKu36eYZs|Hurt|4kIwETcbpuFgRukE8o7Opx|Arlo Parks|42joEEymK7EIHODfNB4yug|Collapsed In Sunbeams
3|3VdzKymHyCA7OQdUiDREKF|Rise|0YC192cP3KPCRWx8zr8MfZ|Hans Zimmer|3sGDniFo4e5r0bwmSL2upZ|The Dark Knight Rises
3|168kXtIBw4nEJnvmR8nZBs|Think I'll Stay|09s6bLEw45wioK9ytf3nsA|Westerman|45gjNMd3mAP0zyTQMOQdGk|Your Hero Is Not Dead
3|4NIIFmGWg2JjE68rSPtSPI|Blue Comanche|09s6bLEw45wioK9ytf3nsA|Westerman|45gjNMd3mAP0zyTQMOQdGk|Your Hero Is Not Dead
3|2HpDcssMlgQXfmAUYhePIP|I Wonder Why|28EyduqESEOVMO6vglvaUZ|Joesef|1N7U7alOZtbA2m3AyAPEXf|I Wonder Why
3|0gcNTflElPYcxajA1LelYd|Confirmation (SSBD)|09s6bLEw45wioK9ytf3nsA|Westerman|45gjNMd3mAP0zyTQMOQdGk|Your Hero Is Not Dead
3|644es5aYPJghtZLjM1rmSP|Concerning Hobbits|0OcclcP5o8VKH2TRqSY2A7|Howard Shore|04rz93AqGy9JduzV3K81Dh|The Lord of the Rings: The Fellowship of the Ring (Original Motion Picture Soundtrack)
3|5rYTMjVkGioNF4MpSQISlg|Desoleil (Brilliant Corners)|4oDjh8wNW5vDHyFRrDYC4k|Loyle Carner|1kokRXXxrJzhxdMo0vsVDV|Not Waving, But Drowning
3|2FR4RtRGnsJ8a3UodZ5UPc|Dream Appropriate|09s6bLEw45wioK9ytf3nsA|Westerman|45gjNMd3mAP0zyTQMOQdGk|Your Hero Is Not Dead
3|6QzjpDOcw3iNEpThhku00y|Memento Mori|6WYhTsOkDtjLcZlwSrpBGm|Nathaniel Drew X Tom Fox|5tuCsC7rIetZYlOrfyOQtq|Memento Mori
3|3tbVwFLSct63LhbI2mU50s|Far and Beyond|4FX5p8T76gw69sWyPbggCj|Charles Bolt|3j0aL8TLtJ43y0Yd2gGz7O|Charles Bolt
3|0sT4slW2xWai3EwVSiuL9Y|Eugene|4kIwETcbpuFgRukE8o7Opx|Arlo Parks|42joEEymK7EIHODfNB4yug|Collapsed In Sunbeams
3|5MlY3mwE2eQlmaYHONLTaO|Forth Eorlingas|0OcclcP5o8VKH2TRqSY2A7|Howard Shore|1zIoYLpYOq8d4HFzHJ7vc8|The Lord of the Rings: The Two Towers (Original Motion Picture Soundtrack)
3|47w6S27JF4Zvrz1Wd6R66Z|What Kinda Music|1uiEZYehlNivdK3iQyAbye|Tom Misch|6iOCv7oGL5sGi2aVnRz2BI|What Kinda Music
3|6GyFP1nfCDB8lbD2bG0Hq9|Midnight City|63MQldklfxkjYDoUE4Tppz|M83|6EB14IXV5oyOiItGBv7mtG|Hurry up, We're Dreaming
3|26ka7pzhIonUoQFYjB6PbG|Free - Single Version|3oKRxpszQKUjjaHz388fVA|Parcels|2FJj7NVoRCAwjFus0O1BXd|Day/Night
3|6rJ0Zq5u7DeZmkC6YDwJFF|Tarfala|0mWi0Jr9Ir8GPGVBpQqI1W|Karin Borg|4fSemSaJXbkH1gjX71waLy|Tarfala
3|3O5JIwSON3KBaoyMUsjLjn|Midnight Mischief - Tom Misch Remix|24icoQNJSEWNu3XvqKBR68|Jordan Rakei|3ssz8pi55szsiCBRpJr4xV|Midnight Mischief (Tom Misch Remix)
4|26QK5v5NHjnYOzKEdTZ7d3|Topshottas Freestyle|7bZpYWk0ZZN7CkOeXbAY0Z|Potter Payper|6J3iXdsFvuhSl7HjDoIwEn|Topshottas Freestyle
4|6Ex1t4s0LsfPH3sSGH44fR|Storm (before they blow)|46IxhJGbFfxwNEUu0GKfUQ|Spencer Flay|35lk8UQ9Z5KXYZkJR4jyoH|Sound Waves
4|3EaTPPQacnTrLkxx37PzCl|Billionaire|46IxhJGbFfxwNEUu0GKfUQ|Spencer Flay|35lk8UQ9Z5KXYZkJR4jyoH|Sound Waves
4|1qzlwbV6SwHYOR3mhu6ZEd|'97 Hov|5Matrg5du62bXwer29cU5T|Benny The Butcher|5OsHMGOg6lRV9REoVxbcWA|Tana Talk 3
4|3ZLyt2ndLFBh148XRYjYYZ|All We Got (feat. Kanye West & Chicago Children's Choir)|1anyVhU62p31KFi8MEzkbf|Chance the Rapper|71QyofYesSsRMwFOTafnhB|Coloring Book
4|7LFtQkNNBFQW42iJgCkUIT|On Time|4FqWInziQnhpDVKaMLAzkY|MJ Duke|1IBd4WIcI94PJ63zNxsfkn|On Time
4|0JJnuR0JEA4CW8wkbUdgak|Round Here|7bZpYWk0ZZN7CkOeXbAY0Z|Potter Payper|3pD0TA3tAutL7Bi2Ng8SPb|Training Day 3
4|4RyhgKioN2DEKpF1Fo6iqG|Breaking Bad (Okay)|6EPlBSH2RSiettczlz7ihV|Sleepy Hallow|3WN4R900GY9WGhMcSFY4sX|DON'T SLEEP
4|7c521vBOcemu5hGQQRGNwS|Wraith-Ful|67gqUXxHedeUGDTxwBzdjS|Conway the Machine|0bwlrhBRjtqdy4eTlfg2UD|Reject 2
4|1Y1lfD897czmPqULtHS7E7|Heartbroken|4Q5MS10mWfrDyiXVeAAzVd|T2|5zS1u2oihFYN3jXgKh5lAC|Heartbroken
4|7i4jMVQC5XIUKLNO0knsp3|CR|0tPKcpC8yXpfdWXFcN7Vwr|Nines|1zkvGzVydD792tZYCFdLPD|From Church Rd. to Hollywood
4|4ZPdLEztrlZqbJkgHNw54L|Good Life|5K4W6rqBFWDnAN6FQUkS6x|Kanye West|4SZko61aMnmgvNhfhgTuD3|Graduation
4|3yaEcxsLmNJ8cM1AOK2YkM|Run It Back|1lPtXpdRwjw5S1QcAYUL6c|Hansen|2WLvpNSNvBlAAo6whCpJZj|Run It Back
4|2044mxQGxi3ZlCdATO9oOm|12 Summers|4E0mDf341TLViBbNefSrsK|Blade Brown|5pAvOdUwa9xzmVxSl4k6DN|Bags and Boxes 4
4|0mEdbdeRFQwBhN4xfyIeUM|Can't Tell Me Nothing|5K4W6rqBFWDnAN6FQUkS6x|Kanye West|4SZko61aMnmgvNhfhgTuD3|Graduation
4|60xaS8mYBKUW4VQQ666N0T|All Night (feat. Knox Fortune)|1anyVhU62p31KFi8MEzkbf|Chance the Rapper|71QyofYesSsRMwFOTafnhB|Coloring Book
