user|track_uri|track_name
1|2348FcMLdHj75PZ4hOsqI4|Evening Red
1|7d1B203ZmpqWL0pZhnbD5B|Raindrops
1|7CiZj5S4E5FVboR0yLVLzc|Original Nuttah 25 (feat. IRAH) - Chase & Status Remix
1|3ARH5hY1AP4ympexo2y3Lz|Devil's Night
1|5qG8gAytdGSbaa067yVhvv|Never Say
1|0fzPAlrZUoYK6lpOSOzE6Q|Where Did You Go
1|3LRyhfrFZXqiEdoZDIZvla|A Deeper Blue
1|02G42teKnMwPwDFEKUfdct|Loop No 1
1|1XPh2hWC27Sia7IZFTZkPo|Behind The Reels
1|7rKNoKsC4wi2Bwbc6lhVzD|If I Smiled
1|0M9jP4EU62RY40mQCxK8AT|Mozambique (feat. Jaykae & Moonchild Sanelly) - Single Version
1|0u5hYCAGKzgHb8YUDG4AGJ|Hydrate
1|6lELbWT5sVFWJJwA7Bfgya|Dreamweaver
1|0PVl3xoTnriDSUbamlu9rT|Better Perspective
1|5IfzKJy3VKlCmHjdGN87dj|Teddy's Gate (feat. LaMeduza)
1|1hEEZdKxqfH9xfJ8YukYpO|Eunoia
1|0m3BlycE25MlxHlOdesOi4|Shut Up
1|5Q0RbvROKEp7uCJZwTOE7h|Senses
1|5u0PzppKpWT7LGnDd0KskP|Day 1: Back & Forth
1|0Tn9FwyYf8Y3BbKjzD01Yp|Sun Goes Down
1|5FA3tfPhY3BSKr4vr9OVON|Untitled Needs
1|2QkUKRYvZyNkfRFhpSXA2y|Cool N Crisp
1|53jeGIP3iM5S1wYILdgVmq|Midnight on Rainbow Road
1|5QJjFhViz26RwIO3EjsrGu|Day 5: Ticker
1|2I3oHsoh7DL721UHeSWN6v|Vrieselaan
1|0obrmAmV2GVxzIqcSVsvlD|Poison Dart
1|474FoNvLOHk9ZTAs1Vd3Qu|Nobody (feat. Stargate)
1|07sTBtLTPxpn8WgDOQrO9L|Longshanks
1|1IMPC74Kr5PCOmhwdjC22j|I Saw Her Kiss Him in Front of Me and I Was Like Wtf?
1|2aNOkWge7L1IubHjS9dkgL|Time for a Change
1|5vWy90WX1eyfFUxnKcKSY9|Butterflies
1|3DKCTIiJ97bS9TGiqcABjo|Thiago Silva
1|54TgI46OnNqcf0SyzQyCL6|Atlas
1|5kAwEqCAJ4yHdHmlAMSczs|These Are Just Places To Me Now
1|4v0xLhFpCwzMbkr3Pi4rFF|Haze
1|3JDsYB8UxGbMQNnNlAeDL0|Envelopes (Chapter VI) - Edit
1|75G7fv2RaXXHhJquge8el4|Red Velvet
1|0s2HlRZzjWlhmfLdp4rDEy|Gettin' It Done
1|4sWJCVOn705QUBCDt81bPB|O'Neal
1|0Ti5dBBZUpK0XRb0iabhtI|Emerald City
1|3NVuffIbZCOXgRsM4eS0fo|Infinitas
1|0fgdLj6TQmB6OV2zwaAndB|Sesame
1|3LcknqF77tB6aujEAEVjX2|Doobies - Original Mix
1|3iEycGSA32xeOQnDltNTZk|Providence
1|4cpUsHfE4q4Amwkc2OO6xI|About Time
1|7s2ya9MwplKU6zogZYkxVH|Weed & Rum
1|3ci50Uo5nIeoS7vRFDolwJ|Shudder
1|5UanRSNw6tqDNqczV7SDqT|One Day At A Time
1|2T0bSlNbNY8mFy1UbK1tTV|Lucid
1|1eCyb7V10a2lqcA49JaHnU|Blinded
2|0DeCgH8St1bnHVry9gecMp|BMW
2|0IuVhCflrQPMGRrOyoY5RW|she's all i wanna be
2|0P88fVbvRQGgRQN1GulQNy|Glad U Came (feat. ZieZie)
2|0QBzMgT7NIeoCYy3sJCof1|Bam Bam (feat. Ed Sheeran)
2|18asYwWugKjjsihZ0YvRxO|The Motto
2|1BSMpVGWs3v5BZKnAQziAc|Light Switch
2|1Dp7ASSZVVOPJ85VdLpjOX|Seventeen Going Under
2|1HvTxgCj0mTzQlEo0zLvFb|In My Head
2|1jTrQnMziyawXMHjd6y4R1|Come & Go
2|20on25jryn53hWghthWWW3|Do It To It
2|2Gg9UhRTym4rztR9vU0Pvu|Gangsteritus
2|2iHsdUnmKGIuc9oRE3DfgJ|House On Fire
2|3FMedgGsLUNwx8NciePFEK|Reggae & Calypso (Russ Millions x Buni x YV)
2|3o9kpgkIcffx0iSwxhuNI2|Numb Little Bug
2|3pudQCMnsFGwOElTZmuml8|Baby
2|3rmo8F54jFF8OgYsqTxm5d|Bad Habits
2|3sa06xVNmLLYIxdNNmVQN8|Where Did You Go? (feat. MNEK)
2|3uUuGVFu1V7jTQL60S1r8z|Where Are You Now
2|4CUX44NA1CPEzd0ibMLQsL|Make Me Feel Good
2|4hJhHbkhZFnxmWbAkZRoe0|Peru
2|50ZFpw2wS6ERvLmW8TINhq|Beg For You (feat. Rina Sawayama)
2|531KGXtBroSrOX9LVmiIgc|Starlight
2|53O5nAlq04RKmSBqW0SFvG|Down Under (feat. Colin Hay)
2|59CfNbkERJ3NoTXDvoURjj|Boyfriend
2|5iFQfP3AqVnHHS89LKQisL|Anyone For You (Tiger Lily)
2|6CDzDgIUqeDY5g8ujExx2f|Heat Waves
2|6IlL9Xlnm0Oq6wXSe6TH9v|Used To This
2|6N1K5OVVCopBjGViHs2IvP|The Joker And The Queen (feat. Taylor Swift)
2|6oYXbji1rn7U6bFuNYekpQ|Run
2|75MNhvTCCKsST3YqqUiU9r|Shivers
2|7z5G2LOdV8okZn4yWg3q5g|Night Away (Dance) (feat. Tion Wayne)
3|3ie4EBzk6a4sdNOpWKhkeA|Clouds
3|2t9bMYh6ZJGfAZPKJGnby0|Romeo (feat. Bas)
3|5Fpn28eEVPqWLiwQmGmWpz|I Want A Love Like This
3|5rcGQIrv6eUIyCBfWga363|Borderline
3|633Oe7gtfWB8lq1Vxyiahm|Once
3|0ON4FYmS4Zch1NV0lhv9hX|"Vivaldi: The Four Seasons, Violin Concerto in F Minor, Op. 8 No. 4, RV 297 ""Winter"": I. Allegro non molto"
3|5Io3OKuzK712xD001Hthzk|The Line
3|2gXYLIrLrHVViRCnbh8kCQ|NowIcaresomemore
3|3HghfkXDzz7gYCo4Xir8vI|Teletype
3|1r9xUipOqoNwggBpENDsvJ|Enemy (with JID) - from the series Arcane League of Legends
3|1Uxti0PEEdieT526B8dAxZ|Somethinggreater
3|6OnEsU4yuFEIuuK1pzZ0z5|Family
3|6xTp4nC8NBRSYMxGqIikSh|Caroline
3|4Oih3RDrSFg3afaOphBVuy|What Could Have Been feat. Ray Chen (from the series Arcane League of Legends)
3|64I9byMYBlS1ARsC3vtpgW|Ottolenghi
3|6W1CYXq9pGEnNNCCW62xu8|Comingback
3|37pShAS4iuRXJeRAa9k6xw|Black Dog
3|6TUBc3txhVoWVEqF1n44gS|Drawbridge
3|4GaVb4spqse4hOwiHpWXVC|Caruso
3|0EvZksFiDpboeG4UVaIvJa|Theworstthing
3|1HHIv96gVeVkoOBzQeH9d8|Too Good
3|2xJAj1Q2IQBzGN39fNPdK8|Bluish
3|5V3tf148hVOh00STK506Di|Big Nothing Glow
3|14tNhGhMYj6W5pPfdQoBmN|LIGHT
3|3Lw7kxX6di4Gpbvuq4FK4S|Teletype
3|4lMlDOQZpMM6aFjucarRNA|Bad Friday
3|5FUyn3zZNR2DxcJGsfJ9A8|Bad Friday
3|0JSG8Hu6aMidPm1QRqboQD|Inthecity (Interlude)
3|0wJmkLWgEP4y30WIPZqWuV|Waiting On Design
3|1WqYuxgkAV11lZDTM8DQj0|Easy Money
3|6kAOOamDflxqkrAWI6wZRR|Free
3|6pIem0QfCkJMl4ug4byHhk|Confirmation
3|6ZVVax9sMTB6HPKu36eYZs|Hurt
3|3VdzKymHyCA7OQdUiDREKF|Rise
3|168kXtIBw4nEJnvmR8nZBs|Think I'll Stay
3|4NIIFmGWg2JjE68rSPtSPI|Blue Comanche
3|2HpDcssMlgQXfmAUYhePIP|I Wonder Why
3|0gcNTflElPYcxajA1LelYd|Confirmation (SSBD)
3|644es5aYPJghtZLjM1rmSP|Concerning Hobbits
3|5rYTMjVkGioNF4MpSQISlg|Desoleil (Brilliant Corners)
3|2FR4RtRGnsJ8a3UodZ5UPc|Dream Appropriate
3|6QzjpDOcw3iNEpThhku00y|Memento Mori
3|3tbVwFLSct63LhbI2mU50s|Far and Beyond
3|0sT4slW2xWai3EwVSiuL9Y|Eugene
3|5MlY3mwE2eQlmaYHONLTaO|Forth Eorlingas
3|47w6S27JF4Zvrz1Wd6R66Z|What Kinda Music
3|6GyFP1nfCDB8lbD2bG0Hq9|Midnight City
3|26ka7pzhIonUoQFYjB6PbG|Free - Single Version
3|6rJ0Zq5u7DeZmkC6YDwJFF|Tarfala
3|3O5JIwSON3KBaoyMUsjLjn|Midnight Mischief - Tom Misch Remix
4|26QK5v5NHjnYOzKEdTZ7d3|Topshottas Freestyle
4|6Ex1t4s0LsfPH3sSGH44fR|Storm (before they blow)
4|3EaTPPQacnTrLkxx37PzCl|Billionaire
4|1qzlwbV6SwHYOR3mhu6ZEd|'97 Hov
4|3ZLyt2ndLFBh148XRYjYYZ|All We Got (feat. Kanye West & Chicago Children's Choir)
4|7LFtQkNNBFQW42iJgCkUIT|On Time
4|0JJnuR0JEA4CW8wkbUdgak|Round Here
4|4RyhgKioN2DEKpF1Fo6iqG|Breaking Bad (Okay)
4|7c521vBOcemu5hGQQRGNwS|Wraith-Ful
4|1Y1lfD897czmPqULtHS7E7|Heartbroken
4|7i4jMVQC5XIUKLNO0knsp3|CR
4|4ZPdLEztrlZqbJkgHNw54L|Good Life
4|3yaEcxsLmNJ8cM1AOK2YkM|Run It Back
4|2044mxQGxi3ZlCdATO9oOm|12 Summers
4|0mEdbdeRFQwBhN4xfyIeUM|Can't Tell Me Nothing
4|220nV8q14qKgmvr3RVVfAG|Boiling Water
4|5SKL6OEcW5Bq3cR5cQSLcg|I Lost My Way
4|41aEJVUVNjhvZlECWDQZgW|My Hood
4|6MM73mlpacofW3BvXdfg4H|Figure It Out
4|0xRkwcfbkjkotOx0tjkabD|Science
4|4o5eNOwFkYospayeNeDKCv|Intro
4|1W1kD2w2kmci8kvNQjkeZ5|That's Just How You
4|5tWEHNtuGsgxu7bEWeavTi|Intro
4|60xaS8mYBKUW4VQQ666N0T|All Night (feat. Knox Fortune)
4|1Hcu2NeyCTqcvk2UByNzIR|Sorry! (I Didn't Know) - Original Radio Edit
4|5SkRLpaGtvYPhw02vZhQQ9|All Falls Down
4|2pRyjmTGkz5i8xemOtJ7pG|Touch The Sky
4|3Z1MKCjnO1Aw9e21QYZ6HN|When I Was Little
4|5DBmXF7QO43Cuy9yqva116|Family Business
4|5g1vtHqi9uV7xtYeCcFOBx|Jesus Walks
4|0wLqCXZ8Zzle480YkbgbjO|Critical
4|6EoFsgJWu7UkMhviTmiuLH|Wondering Why
4|0NrtwAmRAdLxua31SzHvXr|Everything I Am
4|1eQBEelI2NCy7AUTerX0KS|Ultralight Beam
4|2M4SHrRorlzwCJ7Qgdx5mL|Real Rapper
4|2u2O4rCC8HHtksOngcsrOl|Midnight On Ilford Lane
4|3Osd3Yf8K73aj4ySn6LrvK|No Church In The Wild
4|7dFCRLk7ZMxDqOL9HEueGL|Show Me
4|6m9qPYXmhge2QhBLfFKnVF|Same Drugs
4|6vegnfDS8DAEaCqWaPYGPy|Otis
4|55wfPTbRxC65e2OsiCRz1g|Years Deep
4|5sNESr6pQfIhL3krM8CtZn|Numb / Encore
4|0dAn58pe2GWDTlqa2Th4mP|Babycakes
4|4iz9lGMjU1lXS51oPmUmTe|Homecoming
4|4mmkhcEm1Ljy1U9nwtsxUo|Through The Wire
4|6uFn47ACjqYkc0jADwEdj1|Pop Out (feat. Lil Tjay)
4|6SH4fVTSXabHXgKb0wrWCP|By Any Means
4|0j2T0R9dR9qdJYsB7ciXhf|Stronger
4|2MSGuAG12HVVyRu5m5n2QS|96 Bars of Revenge
4|3A4cpTBPaIQdtPFb5JxtaX|Slow Jamz
